"UniversityName","Apps","Top10perc","Top25perc","F.Undergrad","P.Undergrad","Outstate","Room.Board","Books","Personal","PhD","Terminal","S.F.Ratio","perc.alumni","Expend","Grad.Rate","public","private","selective","more_selective","non_selective","total_enrollment","col_white","mkt_white","dif_white","col_hispa","mkt_hispa","dif_hispa","col_black","mkt_black","dif_black","col_asian","mkt_asian","dif_asian","col_amind","mkt_amind","dif_amind","col_pacis","mkt_pacis","dif_pacis","col_twora","mkt_twora","dif_twora","Longitude location of institution","Latitude location of institution","Bachelor's degrees awarded","Master's degrees awarded","Doctor's degrese - research/scholarship awarded","SAT Math 75th percentile score","ACT Composite 75th percentile score","Tuition and fees, 2013-14","Total price for in-state students living on campus 2013-14","Total price for out-of-state students living on campus 2013-14","Graduation rate - Bachelor degree within 4 years, total","Graduation rate - Bachelor degree within 6 years, total","Percent of freshmen receiving any financial aid","Percent of freshmen receiving Pell grants","Endowment assets (year end) per FTE enrollment (FASB)","AcceptanceRate"
"Agnes Scott College",417,60,89,510,63,12960,5450,450,875,92,97,7.7,37,19016,59,0,1,0,1,0,844.444444444444,37.0388444444444,52.4858511111111,-15.4470052222222,8.57449955555555,18.6902144444444,-10.1157125555556,31.2089222222222,13.8358366666667,17.3730877777778,4.81683611111111,4.63447088888889,0.182365144444444,0.116966288888889,0.920568611111111,-0.803602366666667,0.0733703125,0.205424322222222,-0.1345197125,5.38467488888889,3.21255622222222,2.17211877777778,-84.29563,33.769996,175,0,0,NA,NA,34788,47323,47323,66,72,100,54,281391,0.836930455635492
"Albertus Magnus College",353,17,45,416,230,13290,5720,500,1500,90,93,11.5,26,8861,63,0,1,1,0,0,1354.33333333333,41.8298666666667,42.4016033333333,-0.571737344444444,14.4767305555556,21.8356344444444,-7.35890277777778,29.5130122222222,15.3800377777778,14.1329773333333,0.914263333333333,7.16758644444444,-6.25332333333333,0.421045877777778,0.329700044444444,0.0913458555555556,0.0468013875,0.0528118333333333,-0.0067454125,0.98998915,2.92716388888889,-2.0365315,-72.923848,41.332519,353,141,0,480,NA,28378,47302,47302,0,43,83,43,2997,0.963172804532578
"Alverno College",494,23,46,1317,1235,8352,3640,650,2449,36,69,11.1,26,8127,55,0,1,0,0,1,1814.88888888889,54.9565888888889,50.2264444444444,4.73014397777778,19.0412188888889,18.8736455555556,0.167574611111111,16.2737922222222,15.8881488888889,0.385640222222222,5.07584755555556,4.49933466666667,0.576513011111111,1.11824923333333,0.363511788888889,0.754737666666667,0.2161773,0.0361643222222222,0.179147925,3.173073875,2.61662744444444,0.469901025,-87.965498,42.983518,341,102,0,NA,23,23231,34889,34889,11,39,100,71,11564,0.633603238866397
"Angelo State University",3540,24,54,4190,1512,5130,3592,500,2000,60,62,23.1,5,4010,34,1,0,1,0,0,5679.22222222222,55.2664277777778,47.9562544444444,7.31017044444444,30.1243622222222,33.1073944444444,-2.983034,8.43745722222222,7.07878144444444,1.35867595555556,1.08703532222222,1.17096803333333,-0.0839326666666667,0.506904244444444,0.700220988888889,-0.193316755555556,0.10251235,0.0865314666666667,0.012480475,2.04288903333333,2.53206755555556,-0.489178455555556,-100.466495,31.44145,919,290,0,540,23,6559,18915,27411,14,30,93,47,NA,0.565254237288136
"Appalachian State University",7313,20,63,9940,1035,6806,2540,96,2000,83,96,18.3,14,5854,70,1,0,0,1,0,15764.4444444444,86.0588422222222,55.9535988888889,30.1052422222222,3.99713244444444,9.79662588888889,-5.79949344444444,3.23663366666667,23.8424711111111,-20.6058366666667,1.51417155555556,2.35607222222222,-0.841900688888889,0.269529066666667,1.24112277777778,-0.9715938,0.0716953375,0.0970236111111111,-0.0260461875,2.30351055555556,2.64331288888889,-0.339802555555556,-81.680234,36.214844,3404,774,16,620,28,6462,19058,31266,42,69,67,24,NA,0.63776835771913
"Arkansas Tech University",1734,12,52,3602,939,3460,2650,450,1000,57,60,19.6,5,4739,48,1,0,0,0,1,8385,79.72016,65.9212277777778,13.7989311111111,4.85539622222222,8.27896088888889,-3.42356433333333,7.61582588888889,17.8609233333333,-10.2450952222222,1.34844488888889,1.61194844444444,-0.263503488888889,1.25787321111111,0.720391677777778,0.537481566666667,0.052582775,0.207676088888889,-0.1504792125,1.92265481111111,2.22913877777778,-0.306483933333333,-93.13233,35.295227,1277,299,0,520,25,5598,16086,20862,21,41,95,57,NA,0.997116493656286
"Assumption College",2135,23,59,1708,689,12000,5920,500,500,93,93,13.8,30,7100,88,0,1,0,1,0,2179.77777777778,72.6985044444444,52.4858511111111,20.2126555555556,6.04623566666667,18.6902144444444,-12.6439788888889,4.19826422222222,13.8358366666667,-9.637571,1.91147488888889,4.63447088888889,-2.722996,0.106499255555556,0.920568611111111,-0.814069411111111,0.052785975,0.205424322222222,-0.1551040625,1.734093925,3.21255622222222,-1.581202625,-71.828387,42.295435,481,150,0,NA,NA,34975,48521,48521,70,73,99,24,33993,0.796252927400468
"Augustana College",761,21,58,1337,300,10990,3244,600,1021,66,70,10.4,30,6871,69,0,1,0,1,0,2185.66666666667,82.252062,52.7732486666667,29.4788146666667,4.7651632,18.5099153333333,-13.7447518,2.61422679333333,13.7905446666667,-11.1763177333333,1.49411488666667,4.57689806666667,-3.0827832,0.19366584,0.925099846666667,-0.73143404,0.111241238461538,0.20527834,-0.0970493769230769,2.41028625,3.12644613333333,-0.768717957142857,-93.6454545,42.5131325,438.5,7.5,0,NA,27,32232.5,42668.5,42668.5,61,72,99.5,22,41544,0.9526938239159
"Bard College",1910,50,85,1004,15,19264,6206,750,750,98,98,10.4,30,13894,79,0,1,0,1,0,1964.44444444444,59.1900911111111,52.4858511111111,6.704241,2.94406277777778,18.6902144444444,-15.7461511111111,5.621798,13.8358366666667,-8.21403822222222,4.10786688888889,4.63447088888889,-0.526604044444444,0.583790266666667,0.920568611111111,-0.336778377777778,0,0.205424322222222,-0.2078900375,0.650054125,3.21255622222222,-2.66524225,-73.906243,42.021803,488,140,1,NA,NA,46370,62572,62572,60,74,75,23,51449,0.438743455497382
"Bemidji State University",1208,12,36,3796,824,4425,2700,660,1800,57,62,19.6,16,3752,46,1,0,1,0,0,4402.33333333333,86.09145,86.3787433333333,-0.287290433333333,1.8381774,3.42512277777778,-1.58694511111111,1.64108527777778,2.44508733333333,-0.804002088888889,0.915833455555556,1.83081588888889,-0.914982144444444,2.86761366666667,2.95124922222222,-0.0836355444444445,0.0504605375,0.0992176222222222,-0.0455939125,2.85439525,1.85755185555556,0.8558421625,-94.874529,47.482505,960,74,0,NA,23,8124,18940,18940,26,46,90,35,NA,0.725993377483444
"Bennington College",519,25,53,457,2,21700,4100,600,500,35,59,10.1,33,16364,55,0,1,0,1,0,675.111111111111,72.649,52.4858511111111,20.1631504444444,5.44911133333333,18.6902144444444,-13.2411022222222,2.05969388888889,13.8358366666667,-11.7761422222222,2.31964544444444,4.63447088888889,-2.31482577777778,0.858623033333333,0.920568611111111,-0.0619456,0.035147975,0.205424322222222,-0.1727420625,2.99424895,3.21255622222222,-0.321047525,-73.237498,42.92004,152,61,0,NA,NA,45080,61920,61920,58,67,95,19,17627,0.630057803468208
"Castleton State College",1257,9,22,1547,294,7656,4690,400,700,89,91,14.7,8,6318,79,1,0,1,0,0,1980.5,88.5111516666667,90.5539883333333,-2.04283596666667,1.99553566666667,2.65438033333333,-0.6588441,1.2308634,1.67969583333333,-0.4488325,0.763958966666667,2.00668966666667,-1.24273066666667,0.6638117,0.283671016666667,0.38014065,0,0.0693792666666667,-0.07402486,0.88310052,2.18842483333333,-1.39918232,-73.181486,43.607982,361,30,0,540,23,10286,21828,35556,34,51,90,34,NA,0.747812251392204
"Catawba College",1083,13,34,915,80,9270,4100,600,1860,75,82,13.5,27,8425,55,0,1,0,0,1,1277.44444444444,70.37143,57.2224911111111,13.1489384444444,3.84868888888889,8.36523822222222,-4.51654911111111,19.6713133333333,24.9722633333333,-5.30095144444444,0.8263407,2.58544933333333,-1.75910877777778,0.584205866666667,0.974697933333333,-0.390492033333333,0.04940475,0.0809209888888889,-0.0356627625,1.988985,2.50188788888889,-0.512902744444444,-80.486575,35.692445,275,8,0,560,NA,26820,40743,40743,41,53,99,41,40089,0.812557710064635
"Cazenovia College",3847,9,35,1010,12,9384,4840,600,500,22,47,14.3,20,7697,118,0,1,1,0,0,1013.33333333333,68.1198888888889,75.1743188888889,-7.05443067777778,5.10160955555556,7.01990466666667,-1.91829504444444,7.44731866666667,8.50314877777778,-1.05583044444444,1.01787021111111,3.92476977777778,-2.90689955555556,1.35746101111111,0.364001688888889,0.9934594,0.221683125,0.0567507555555556,0.1717907625,2.4780766875,2.736745,-0.380553125,-75.854054,42.931946,232,0,0,NA,NA,29410,43290,43290,53,59,100,47,26373,0.89238367559137
"Centenary College",369,12,46,396,526,11400,5400,500,760,41,85,9.5,20,9583,24,0,1,1,0,0,1829.57142857143,60.6687457142857,45.0368042857143,15.6319414285714,8.437049,19.5590242857143,-11.1219757142857,10.390007,17.0379757142857,-6.647968,1.97050842857143,6.58218514285714,-4.61167657142857,0.126623714285714,0.3017731,-0.175149385714286,0,0.0503982714285714,-0.0524107,0.422222433333333,2.656076,-2.35602483333333,-74.832775,40.848693,482,205,0,550,23,30540,43435,43435,56,57,100,38,NA,0.845528455284553
"Central Connecticut State University",4158,6,24,6394,3881,5962,4444,500,985,69,73,16.7,4,4900,49,1,0,1,0,0,9548.88888888889,68.3188277777778,57.3860266666667,10.9328017777778,11.1653215555556,16.9054722222222,-5.74015033333333,10.5617121111111,11.80125,-1.2395404,3.49656866666667,3.78161544444444,-0.285046944444444,0.174264733333333,0.278736244444444,-0.104471511111111,0.095375175,0.0513687444444444,0.0447770375,2.4011675,3.27533177777778,-0.998867275,-72.770094,41.690258,1851,575,14,560,25,8706,23197,34702,20,52,84,34,NA,0.608946608946609
"Central Washington University",2785,8,65,6507,898,7242,3603,654,1416,67,89,18.1,0,6413,51,1,0,1,0,0,10379.6666666667,63.8779488888889,53.4100111111111,10.4679384444444,11.6044587777778,16.8276011111111,-5.22314422222222,3.21554644444444,5.02169155555556,-1.80614508888889,4.05038566666667,9.65251366666667,-5.602127,0.597304833333333,1.30912955555556,-0.711824655555556,0.627985925,0.829829333333333,-0.2197899375,6.128852,6.196953,-0.0681007888888889,-120.537716,47.004957,2590,254,0,550,23,8976,22785,34695,43,51,85,36,NA,0.722082585278277
"Christian Brothers University",880,16,42,1068,364,9300,3260,600,900,81,81,11.1,24,8129,63,0,1,1,0,0,1346,45.4694644444444,50.6435977777778,-5.17413381111111,5.83733144444444,4.46759711111111,1.36973435555556,31.74254,40.2251977777778,-8.48265666666667,5.39431855555556,1.06354692222222,4.33077144444444,0.390938822222222,0.258967388888889,0.131971422222222,0.0677720375,0.0439171111111111,0.0241193,2.888436375,1.49268877777778,1.3375772875,-89.983241,35.127437,259,158,0,NA,27,28210,38113,38113,31,57,100,49,18432,0.590909090909091
"Christopher Newport University",883,3,37,2910,1749,7860,4750,525,1889,80,82,21.2,16,4639,48,1,0,0,1,0,4942.33333333333,76.8673244444444,57.0526177777778,19.8147111111111,4.574129,9.52356566666667,-4.94943644444444,7.88737355555556,21.5178344444444,-13.6304611111111,2.52854277777778,5.02752711111111,-2.49898451111111,0.311280922222222,0.382581366666667,-0.0713004444444444,0.1829591375,0.110162611111111,0.0736632125,4.750458875,3.45401255555556,1.1570278625,-76.486978,37.061502,1057,114,0,620,28,11092,25808,35708,50,66,75,15,NA,0.867497168742922
"Clark University",2887,30,61,1928,296,17500,4200,500,950,94,95,10.5,35,11951,79,0,1,0,1,0,2260.66666666667,63.1789344444444,52.4858511111111,10.6930847777778,5.92633633333333,18.6902144444444,-12.7638777777778,3.62410922222222,13.8358366666667,-10.211726,5.82503933333333,4.63447088888889,1.19056856666667,0.152762855555556,0.920568611111111,-0.767805811111111,0.0439789,0.205424322222222,-0.16391115,2.233667875,3.21255622222222,-1.0816284875,-71.823537,42.251064,519,540,33,NA,NA,39550,48770,48770,76,81,89,24,96250,0.713197090405265
"Clemson University",8065,37,65,11755,770,8116,3610,800,1618,82,88,18,17,7597,73,1,0,0,1,0,16882.1111111111,83.6577,56.2430633333333,27.4146355555556,2.72543544444444,6.25832622222222,-3.53289111111111,6.59584255555556,31.4680033333333,-24.87216,1.98689644444444,1.36160522222222,0.625291077777778,0.209874444444444,0.364747222222222,-0.154872777777778,0.0736670375,0.0743664888888889,-0.001533125,1.9861786,2.14296622222222,-0.156787688888889,-82.834463,34.677329,3720,1152,187,680,31,13054,28502,45936,59,83,91,16,NA,0.651828890266584
"College of Charleston",4772,22,55,6851,1200,6120,3460,666,2316,73,78,17.2,18,4776,51,1,0,0,1,0,9969.88888888889,81.7844533333333,56.2430633333333,25.54139,4.06848666666667,6.25832622222222,-2.18983944444444,6.49448,31.4680033333333,-24.9735233333333,1.79130488888889,1.36160522222222,0.4296998,0.2480695,0.364747222222222,-0.116677722222222,0.1819532875,0.0743664888888889,0.1067531125,3.256188,2.14296622222222,1.0264240625,-79.937251,32.783142,2220,235,0,630,28,10626,26656,43120,52,64,75,20,NA,0.658005029337804
"College of Saint Elizabeth",444,34,53,493,968,10900,5250,380,1000,68,70,11.4,23,9447,78,0,1,0,0,1,960.222222222222,36.0093888888889,44.3260733333333,-8.31668644444444,18.2994611111111,19.9095377777778,-1.61007856666667,25.4185533333333,17.0812011111111,8.33735178888889,3.730213,6.73025522222222,-3.00004233333333,0.273899611111111,0.299879955555556,-0.0259803555555556,0.1723754125,0.0527979,0.1179157125,1.18250293333333,2.79806477777778,-1.61556186666667,-74.436039,40.781061,262,162,14,480,NA,31095,47147,47147,41,56,99,72,17060,0.808558558558559
"College of William and Mary",7117,68,88,5186,134,11720,4298,600,800,89,92,12.1,31,9534,93,1,0,0,1,0,6115.55555555556,57.9387255555556,57.0526177777778,0.886109055555556,8.57347577777778,9.52356566666667,-0.950089855555556,7.22747311111111,21.5178344444444,-14.2903622222222,7.43028833333333,5.02752711111111,2.40276155555556,0.356308811111111,0.382581366666667,-0.0262725666666667,0.0554728375,0.110162611111111,-0.0538230875,4.096356375,3.45401255555556,0.5029250875,-76.709395,37.27195,1517,577,62,720,32,15463,28329,51306,83,90,53,11,NA,0.436419839820149
"College of the Holy Cross",2994,70,95,2675,22,18000,6300,400,900,92,96,11.3,55,12138,95,0,1,0,1,0,2818.66666666667,68.5897644444444,52.4858511111111,16.1039144444444,9.83684977777778,18.6902144444444,-8.85336433333333,4.32617744444444,13.8358366666667,-9.50965888888889,5.05213266666667,4.63447088888889,0.417661822222222,0.203688088888889,0.920568611111111,-0.716880588888889,0.049076,0.205424322222222,-0.15881405,2.637379175,3.21255622222222,-0.6779173375,-71.808627,42.238942,704,0,0,NA,NA,44272,57832,57832,89,91,72,15,203172,0.564796259185037
"Connecticut College",3035,42,93,1630,232,18740,6300,600,500,86,95,10.7,40,14773,91,0,1,0,1,0,1815.44444444444,72.4579233333333,52.4858511111111,19.9720744444444,7.71396166666667,18.6902144444444,-10.9762521111111,3.82818244444444,13.8358366666667,-10.0076542222222,3.72337644444444,4.63447088888889,-0.911094466666667,0.0621875888888889,0.920568611111111,-0.858381044444444,0.0480736125,0.205424322222222,-0.1598164125,2.950457,3.21255622222222,-0.3648396625,-72.107321,41.379833,444,2,0,NA,NA,46085,60780,60780,79,84,53,12,114620,0.509390444810544
"Delta State University",967,15,48,2806,538,4528,1880,500,1200,49,63,17.1,16,5113,58,1,0,1,0,0,2666,57.4075777777778,45.7973455555556,11.6102322222222,1.4276006,2.945527,-1.51792635555556,36.5366188888889,47.7514555555556,-11.214836,0.814603188888889,0.840703188888889,-0.0260999444444444,0.139565733333333,0.570633244444444,-0.431067488888889,0.0552717625,0.0340663,0.024163525,0.6805582875,0.876491988888889,-0.2173760625,-90.734378,33.743896,490,248,3,570,22,6562,18887,18887,16,35,94,53,NA,0.977249224405377
"Dickinson State University",434,10,30,1376,237,4486,2146,600,2000,50,64,16.5,28,4525,46,1,0,1,0,0,1620,73.8234711111111,81.0824955555556,-7.259024,4.49181755555556,4.373742,0.118075533333333,3.52832,2.875107,0.653213055555556,0.763097,0.994945644444444,-0.231848766666667,1.52642652222222,7.07074955555556,-5.54432288888889,0.3406399375,0.0494472555555556,0.2850117625,1.82164303333333,2.60864833333333,-0.787005444444445,-102.800511,46.882677,351,0,0,505,23,5846,16044,18396,15,38,82,29,NA,0.949308755760369
"Dowling College",1011,9,33,1059,2458,9000,3100,450,1413,77,78,12.4,7,11178,42,0,1,0,0,1,1971,45.7836928571429,42.77589,3.00780257142857,8.50540985714286,21.5099685714286,-13.00456,9.72353014285714,15.72531,-6.00178071428571,0.716730542857143,7.09650085714286,-6.37977,0.156761871428571,0.320104185714286,-0.163342285714286,0.41752485,0.0485389714285714,0.368103833333333,0,2.78429257142857,-2.8994625,-73.164816,40.746051,494,436,0,NA,NA,28390,43962,43962,18,34,93,45,827,0.81998021760633
"East Carolina University",9274,14,44,13171,1687,7248,3240,500,1700,74,78,13.2,18,9002,58,1,0,1,0,0,21231,71.0120777777778,52.6931677777778,18.3189111111111,4.62010033333333,9.89859111111111,-5.27849166666667,15.3637611111111,27.0139111111111,-11.6501488888889,2.52971555555556,2.566792,-0.0370765,0.595027255555556,0.607003055555556,-0.0119757777777778,0.095549625,0.0938251555555556,-0.0020993,2.50945042222222,2.98140144444444,-0.471951088888889,-77.366199,35.606347,4336,1575,55,570,24,6143,20831,34944,31,56,73,32,NA,0.686003881820142
"East Tennessee State University",3330,15,36,6706,2640,5800,3000,600,2200,73,75,14,9,9825,42,1,0,1,0,0,11352.4444444444,84.2476866666667,84.7726433333333,-0.524956644444444,2.22925066666667,4.29003644444444,-2.06078622222222,6.11484855555556,6.28845422222222,-0.173605666666667,1.36128777777778,1.28439733333333,0.0768904888888889,0.3240637,0.253450444444444,0.0706132333333333,0.09736685,0.0392187444444444,0.059098275,2.44804788888889,1.83022388888889,0.617824066666667,-82.366954,36.301643,2314,574,86,550,25,7249,23607,38919,17,41,94,46,NA,0.81981981981982
"Eastern Connecticut State University",2172,14,50,2766,1531,5962,4316,650,500,71,76,16.9,14,5719,50,1,0,1,0,0,4896,71.6654955555556,57.3860266666667,14.2794733333333,8.73993077777778,16.9054722222222,-8.16554233333333,7.212272,11.80125,-4.58897877777778,2.12183666666667,3.78161544444444,-1.65977877777778,0.269196455555556,0.278736244444444,-0.0095398,0.14312015,0.0513687444444444,0.0925220125,2.668627,3.27533177777778,-0.7314077375,-72.218753,41.721673,1172,62,0,550,24,9376,24394,35899,32,51,82,26,NA,0.687384898710866
"Eastern Illinois University",5597,12,38,9161,845,5710,3066,120,1730,62,71,16.2,5,5682,76,1,0,1,0,0,7967.55555555556,70.9921377777778,62.1122188888889,8.87991844444444,5.00924011111111,11.8885384444444,-6.87929676666667,16.7858788888889,14.4770177777778,2.30886246666667,0.940928722222222,4.24972122222222,-3.30879266666667,0.300861011111111,0.212907566666667,0.0879534555555555,0.06740375,0.0438251222222222,0.0217873,1.82139175,2.31132088888889,-0.5747701625,-88.175505,39.483017,2238,545,0,NA,24,11144,25138,42118,34,60,93,41,NA,0.759871359656959
"Emporia State University",1256,43,79,3957,588,5401,3144,450,1888,72,75,19.3,4,5527,50,1,0,1,0,0,3738.44444444444,72.0966388888889,70.8037033333333,1.29293918888889,6.17286966666667,10.7029292222222,-4.53005877777778,5.60275688888889,7.55690466666667,-1.95414766666667,0.888760044444444,3.239593,-2.35083277777778,0.492403566666667,1.10268951111111,-0.610286,0.110538225,0.0987364111111111,0.0077507875,5.636245375,3.94127744444444,1.60218155,-96.179454,38.412583,689,592,3,545,25,5614,17257,29031,20,41,96,41,NA,1
"Fairfield University",4784,30,66,2984,1037,15000,6200,700,1100,86,90,15.1,30,11220,94,0,1,0,1,0,3785.11111111111,64.2817466666667,52.4858511111111,11.7958935555556,6.74645533333333,18.6902144444444,-11.9437596666667,2.85797577777778,13.8358366666667,-10.9778585555556,2.06206888888889,4.63447088888889,-2.57240208888889,0.122907822222222,0.920568611111111,-0.797660811111111,0.0757784875,0.205424322222222,-0.1321115375,1.1668893875,3.21255622222222,-2.148407125,-73.25778,41.160732,855,396,0,NA,NA,42920,58730,58730,79,82,89,13,57869,0.699414715719064
"Fayetteville State University",1455,1,16,2632,617,6806,2550,350,766,75,75,15.1,10,6972,24,1,0,0,0,1,5001.88888888889,16.5329877777778,51.7824788888889,-35.2494933333333,5.634609,10.1663888888889,-4.53178066666667,67.73756,26.8609477777778,40.8766144444444,1.19263986666667,2.43477711111111,-1.24213744444444,2.149494,1.51424582222222,0.635248366666667,0.155692175,0.105925644444444,0.0454951875,0.518769544444444,2.79240788888889,-2.27363833333333,-78.894709,35.072485,937,179,7,470,19,4605,14854,25650,12,32,96,78,NA,0.73127147766323
"Florida International University",3306,42,89,10208,9310,6597,2494,800,3028,81,96,13.9,20,6722,66,1,0,1,0,0,37290.1111111111,10.646534,29.1289722222222,-18.4824388888889,66.3673955555556,38.4807866666667,27.8866111111111,12.0797555555556,23.5704477777778,-11.4906944444444,2.79133222222222,1.90458088888889,0.886751555555556,0.0961110222222222,0.295524811111111,-0.199413833333333,0.1064602625,0.0400720222222222,0.0623129375,1.994802325,2.29162766666667,-0.3687070375,-80.377591,25.757111,7746,3014,156,610,27,6496,22968,35367,20,52,91,53,NA,0.628856624319419
"Florida State University",11651,50,90,18906,3242,6680,4060,600,1020,80,89,23.1,15,7250,58,1,0,0,1,0,31789.4444444444,66.43008,45.30835,21.12173,16.8884422222222,25.0658155555556,-8.17737333333333,8.88423133333333,20.1608955555556,-11.2766648888889,2.71444522222222,2.49816677777778,0.2162785,0.407977366666667,0.317699622222222,0.0902777777777778,0.0986594875,0.0728742333333333,0.02425715,2.458231875,2.78894788888889,-0.4347314,-84.294801,30.4421,7938,2316,370,640,29,6507,21543,36709,57,77,95,27,NA,0.745257917775298
"Fort Lewis College",3440,16,35,3793,486,6198,3320,500,2500,89,97,19.1,6,4362,46,1,0,1,0,0,3596.88888888889,56.9933111111111,65.13392,-8.14060722222222,9.22807733333333,21.5687511111111,-12.3406722222222,1.03506634444444,1.39904193333333,-0.363975533333333,0.550213155555555,0.850726244444444,-0.300513011111111,22.9414177777778,3.37205844444444,19.5693555555556,0.2472775875,0.205516722222222,0.053960225,6.04525775,3.10170088888889,2.9189747625,-107.867003,37.275428,633,0,0,580,25,6923,22393,33233,17,37,91,31,NA,0.820639534883721
"Francis Marion University",1801,13,38,3224,436,5840,3138,400,2430,76,76,19.1,8,5039,43,1,0,0,0,1,3328.22222222222,46.3209922222222,51.6493044444444,-5.32831055555556,1.42161324444444,5.59566588888889,-4.17405288888889,46.7677977777778,36.8593433333333,9.90845477777778,1.04547238888889,1.29630293333333,-0.2508306,0.478439155555556,0.408772377777778,0.0696667777777778,0.0775924625,0.0740819333333333,-0.003029625,1.19295345,2.21690088888889,-1.1409880875,-79.655515,34.192277,586,72,0,530,22,9386,20923,29901,16,41,99,65,NA,0.918933925596891
"George Mason University",5653,17,29,9528,3822,10800,4840,580,1050,93,96,19.3,7,6751,46,1,0,0,1,0,21322,45.0228966666667,57.0526177777778,-12.0297228888889,11.6207308888889,9.52356566666667,2.09716542222222,9.71573777777778,21.5178344444444,-11.8020988888889,17.8775166666667,5.02752711111111,12.84999,0.184206788888889,0.382581366666667,-0.198374555555556,0.407602425,0.110162611111111,0.2983064875,4.53381222222222,3.45401255555556,1.07979952222222,-77.30794,38.83088,4920,2980,249,630,28,9908,25335,44019,43,67,66,24,NA,0.765257385459048
"Georgia State University",3793,9,24,7732,9054,6744,2655,720,3450,87,89,19,10,7762,34,1,0,1,0,0,23817.1111111111,31.0522111111111,45.9943177777778,-14.9421071111111,8.82448877777778,10.8425263333333,-2.01803786666667,39.1013444444444,32.55089,6.55045344444444,11.8190344444444,3.84414855555556,7.97488555555555,0.206053777777778,0.292689833333333,-0.0866360333333333,0.1232219875,0.0492393888888889,0.0761862375,4.47393288888889,2.30516555555556,2.16876718888889,-84.38667,33.7527,4608,2308,197,590,25,8368,24448,39016,21,53,91,56,NA,0.617189559715265
"Goucher College",1151,40,64,850,80,15588,6174,500,1200,78,90,9.2,34,16623,77,0,1,0,1,0,1463.22222222222,64.28376,52.4858511111111,11.7979094444444,7.25513455555556,18.6902144444444,-11.4350822222222,10.0859348888889,13.8358366666667,-3.7499008,3.18896444444444,4.63447088888889,-1.44550643333333,0.1904367,0.920568611111111,-0.730131933333333,0.13483135,0.205424322222222,-0.073058675,4.1929475,3.21255622222222,0.8776509875,-76.594843,39.410175,311,134,0,NA,NA,39084,52908,52908,59,68,91,26,103891,0.706342311033884
"Grand Valley State University",5165,20,60,8234,2619,6108,3800,500,1000,64,66,20.6,9,5063,57,1,0,1,0,0,21378.5555555556,83.6877277777778,76.4184788888889,7.26924866666667,4.34300544444444,6.77397944444444,-2.430974,5.19983877777778,8.66663511111111,-3.46679644444444,2.21475222222222,2.63517,-0.420417933333333,0.413525955555556,0.480517833333333,-0.0669918777777778,0.0460208,0.0438347111111111,0.0018188125,2.59484075,3.14904511111111,-0.6691046625,-85.887519,42.965208,4487,986,0,620,26,10716,22432,27104,33,70,88,34,NA,0.752565343659245
"Green Mountain College",780,7,20,545,42,11750,2700,400,850,77,83,14,24,6475,76,0,1,1,0,0,594.555555555556,63.4169511111111,65.2771055555556,-1.86015446666667,2.85566522222222,12.7841844444444,-9.92852033333333,4.47495366666667,8.38332388888889,-3.90837011111111,1.33026834444444,5.02132688888889,-3.69105844444444,0.847510188888889,0.292718144444444,0.554792022222222,0,0.0534770888888889,-0.0509901875,1.770341325,3.07694488888889,-1.4219354375,-73.241107,43.517134,145,29,0,NA,NA,32192,45988,45988,31,41,98,41,4423,0.805128205128205
"Illinois State University",8681,10,35,15701,1823,7799,3403,537,2605,77,84,21,16,5569,54,1,0,0,1,0,18241.5555555556,79.4698222222222,52.0764722222222,27.3933488888889,7.66564733333333,17.84875,-10.1831042222222,6.99279966666667,15.8727166666667,-8.87991633333333,2.02486277777778,4.45635211111111,-2.43148944444444,0.215414333333333,0.227890166666667,-0.0124758444444444,0.093922125,0.0370946666666667,0.0567873875,2.126257875,2.40783755555556,-0.3747781875,-88.99234,40.509724,4438,722,43,NA,26,13010,26259,33699,46,72,79,27,NA,0.771224513304919
"Indiana State University",5659,10,31,8596,1949,6892,3706,600,2500,72,76,16.6,8,6996,40,1,0,1,0,0,9968.88888888889,68.9762188888889,75.6301266666667,-6.65390822222222,3.01961833333333,5.65267933333333,-2.63306111111111,17.5597666666667,10.351164,7.20860322222222,1.12267922222222,3.66081177777778,-2.53813233333333,0.303377144444444,0.201155444444444,0.1022217,0.0474852375,0.0343395111111111,0.0109183125,3.034489125,2.30953788888889,0.6449541,-87.407085,39.46873,1473,543,55,510,22,8256,20619,30355,22,42,92,53,NA,0.841314719915179
"Iowa State University",8427,26,59,18676,1715,7550,3224,640,2055,81,88,19.2,22,8420,65,1,0,1,0,0,26528.7777777778,77.5016022222222,81.6205311111111,-4.11892922222222,4.18710366666667,6.52329633333333,-2.33619255555556,2.60470822222222,4.30964344444444,-1.70493544444444,2.87056955555556,3.25095877777778,-0.380389288888889,0.214445622222222,0.3311666,-0.116720966666667,0.082037025,0.0706351,0.007930125,1.71194586666667,1.89345888888889,-0.181513122222222,-93.648353,42.026368,5047,783,349,680,28,7726,18920,31472,38,68,88,21,NA,0.880977809422096
"Ithaca College",7259,23,52,5612,166,14424,6192,634,1000,58,79,11.5,25,9812,75,0,1,0,1,0,6224,70.9713033333333,52.4858511111111,18.4854555555556,6.76191155555555,18.6902144444444,-11.9283033333333,4.60937211111111,13.8358366666667,-9.22646466666667,3.508077,4.63447088888889,-1.12639408888889,0.207063477777778,0.920568611111111,-0.713505166666667,0.04821205,0.205424322222222,-0.159677975,2.85985225,3.21255622222222,-0.4554441375,-76.495057,42.42264,1604,218,0,NA,NA,38400,55587,55587,69,76,92,19,34570,0.761261881801901
"James Madison University",11223,32,72,9652,742,7994,4544,500,732,77,81,17.9,29,5212,98,1,0,0,1,0,18278.3333333333,78.0353555555556,57.0526177777778,20.9827411111111,4.69444244444444,9.52356566666667,-4.82912322222222,4.18281322222222,21.5178344444444,-17.3350211111111,4.54066511111111,5.02752711111111,-0.486861966666667,0.169443055555556,0.382581366666667,-0.213138311111111,0.2237387,0.110162611111111,0.114442775,3.050082925,3.45401255555556,-0.5433481875,-78.871663,38.435332,4047,741,7,630,27,9176,22740,37218,65,81,60,12,NA,0.470907956874276
"Johnson State College",833,3,13,1224,345,7656,4690,500,624,80,91,14.4,15,6564,36,1,0,0,0,1,1450.33333333333,83.7782477777778,90.0527244444445,-6.27447566666667,2.74196466666667,2.83971866666667,-0.0977536222222222,2.694628,1.865631,0.828997088888889,1.01385941111111,2.16277188888889,-1.14891223333333,1.02017882222222,0.280407966666667,0.739770977777778,0.1713976125,0.0680241111111111,0.1006266125,2.5125816375,2.16209344444444,0.2946411375,-72.671154,44.641736,309,71,0,530,23,10286,21774,33438,17,37,92,48,NA,0.8031212484994
"Juniata College",1005,36,55,1075,43,14850,4460,450,420,97,97,12.7,37,12067,80,0,1,0,1,0,1452.88888888889,78.4733877777778,52.4858511111111,25.9875377777778,3.46883466666667,18.6902144444444,-15.2213788888889,2.69498755555556,13.8358366666667,-11.1408477777778,2.84989722222222,4.63447088888889,-1.78457361111111,0.107641988888889,0.920568611111111,-0.812926644444445,0,0.205424322222222,-0.2078900375,2.330266625,3.21255622222222,-0.9850298,-78.015204,40.499511,315,6,0,NA,NA,37170,49220,49220,72,75,100,25,60069,0.854726368159204
"Kansas State University",5880,25,55,14914,2246,6995,3120,600,2000,76,86,18.5,22,6122,54,1,0,0,1,0,19058.7777777778,79.0597766666667,69.82748,9.23229655555556,5.77239133333333,12.2780371111111,-6.50564655555556,3.93088211111111,6.97728,-3.04639777777778,1.29727744444444,3.04390777777778,-1.74663025555556,0.447565766666667,1.05327414444444,-0.605708488888889,0.130435675,0.0942635666666667,0.0333615625,2.899879375,3.74603244444444,-0.9440480875,-96.581077,39.188616,3561,988,158,NA,NA,8585,21331,34276,26,60,83,24,NA,0.693027210884354
"Keene State College",3121,5,19,3480,776,7870,4157,500,1150,73,73,16.1,13,6195,61,1,0,1,0,0,4548.33333333333,86.8078211111111,88.0418711111111,-1.23405263333333,2.83470433333333,4.25618333333333,-1.42147884444444,0.907045422222222,1.83806455555556,-0.931018933333333,1.00835713333333,2.59362488888889,-1.58526777777778,0.214327855555556,0.198535577777778,0.0157922888888889,0.04136385,0.0438021666666667,0.000452637500000001,1.62535203333333,2.04348377777778,-0.418132033333333,-72.281433,42.925999,1137,26,0,540,NA,12776,25084,32469,52,63,96,26,NA,0.783723165652035
"Keuka College",461,10,43,738,55,9600,4550,600,750,55,94,13.3,43,7863,51,0,1,1,0,0,1734.88888888889,76.7687266666667,75.8239411111111,0.944785933333333,3.46192288888889,5.93182433333333,-2.46990144444444,7.71355811111111,9.15027333333333,-1.43671523333333,0.964870333333333,4.34113344444444,-3.37626311111111,0.634412844444444,0.390843111111111,0.243569711111111,0.1845669625,0.0425554666666667,0.146747625,1.031784825,2.43080633333333,-1.4989431875,-77.090518,42.61541,462,173,0,NA,NA,27465,43005,43005,36,48,100,46,6276,0.82646420824295
"King's College",1456,20,45,500,541,10910,5160,400,1795,66,72,15.6,37,7649,87,0,1,1,0,0,1998,78.49921,59.2359933333333,19.26322,6.00440855555556,12.3796848888889,-6.37527533333333,2.94824344444444,15.6988455555556,-12.7506,1.85331111111111,5.25016955555555,-3.39685844444444,0.1780871,0.238406188888889,-0.0603190888888889,0.0442685375,0.0539313444444444,-0.0100617125,1.6440202,2.57607522222222,-1.0352477875,-75.878603,41.248118,442,126,0,NA,NA,30310,45468,45468,61,66,100,32,25137,0.723214285714286
"Knox College",1040,48,77,967,24,15747,4062,400,800,88,95,12.7,33,13224,79,0,1,0,1,0,1376.33333333333,57.9893111111111,52.4858511111111,5.50346304444444,10.4997142222222,18.6902144444444,-8.19050033333333,6.69657422222222,13.8358366666667,-7.13926166666667,5.655157,4.63447088888889,1.02068608888889,0.2159315,0.920568611111111,-0.704637166666667,0.0364364,0.205424322222222,-0.171453625,4.302899625,3.21255622222222,0.987603275,-90.370316,40.941829,316,0,0,NA,NA,38952,49252,49252,71,79,98,27,70137,0.8125
"Lamar University",2336,10,27,5438,4058,4752,3040,508,1463,48,82,18.4,12,5879,26,1,0,0,0,1,9124.55555555555,49.3682977777778,30.4493644444444,18.9189366666667,11.5770482222222,35.0129755555556,-23.4359311111111,29.6346611111111,18.1208577777778,11.5138013333333,4.02465633333333,4.832611,-0.807954722222222,0.501803177777778,0.437878566666667,0.0639246,0.0609620125,0.0972352777777778,-0.0374077375,1.41116435,2.04094244444444,-0.7342155,-94.073389,30.044274,1339,1904,42,550,23,7429,21769,30265,13,34,81,53,NA,0.738441780821918
"Lander University",1166,9,33,2074,341,4938,2987,528,1702,67,77,17,11,6119,51,1,0,1,0,0,2777,59.0454433333333,56.8296266666667,2.21581861111111,1.31843784444444,5.92686055555556,-4.60842266666667,31.2866244444444,31.4047488888889,-0.118125244444444,0.635023844444444,1.47685761111111,-0.841833844444444,0.291767822222222,0.268312211111111,0.0234556111111111,0.1264612875,0.0725075888888889,0.0548121625,2.0038525,2.13992466666667,-0.232103525,-82.166351,34.201143,475,13,0,520,22,10100,22300,31336,32,52,99,51,NA,0.865351629502573
"Lawrence University",1243,50,77,1129,74,17163,3891,525,975,76,92,10.1,57,13965,77,0,1,0,1,0,1482.66666666667,72.04503,52.4858511111111,19.5591822222222,5.52046366666667,18.6902144444444,-13.16975,3.42892144444444,13.8358366666667,-10.4069125555556,3.94141344444444,4.63447088888889,-0.693057511111111,0.456268844444444,0.920568611111111,-0.464299811111111,0.092159425,0.205424322222222,-0.1157306,3.374324375,3.21255622222222,0.059028,-88.397822,44.261323,307,0,0,NA,NA,41226,51897,51897,69,82,99,25,135566,0.761866452131939
"Lincoln University",1660,15,41,1196,33,4818,3400,350,1400,71,72,12.6,8,10912,45,0.571428571428571,0.428571428571429,0.142857142857143,0,0.857142857142857,1336.61904761905,30.9553894761905,58.2188442857143,-27.2634566190476,2.47133104761905,15.8067212857143,-13.3353902904762,38.3459774285714,7.52687238095238,30.8191037952381,5.09999478571429,8.03316880952381,-2.93317346190476,0.218438838095238,0.481124585714286,-0.262685738095238,0.0227370947368421,0.346369566666667,-0.326670710526316,0.99899522631579,4.03506947619048,-3.12728625789474,-107.219127,38.1845985,156.5,88,0,NA,NA,8471.5,16421,22811,3,49,58,48.5,NA,0.657228915662651
"Louisiana Tech University",2397,22,45,6720,1822,3957,2325,618,1656,66,77,20,13,4546,45,1,0,1,0,0,7444.33333333333,67.7290877777778,51.1395833333333,16.5895022222222,2.24564788888889,3.68360122222222,-1.43795326666667,14.1505911111111,40.7208777777778,-26.5702855555556,1.03026114444444,0.9393347,0.0909264222222222,0.425566833333333,0.641227788888889,-0.215660933333333,0.078008,0.100472077777778,-0.0235800375,1.5288481875,1.52332755555556,-0.0555006125,-92.64964,32.525518,1211,479,51,600,26,7302,18927,30066,29,50,94,32,NA,0.894451397580309
"Lyndon State College",535,6,20,959,150,7320,4640,500,600,48,65,12.6,15,7114,51,1,0,1,0,0,1257.11111111111,85.8871677777778,90.0527244444445,-4.165556,3.29416488888889,2.83971866666667,0.4544466,2.86320066666667,1.865631,0.997569577777778,0.8481052,2.16277188888889,-1.3146666,0.941042177777778,0.280407966666667,0.660634255555556,0.0457523625,0.0680241111111111,-0.025018675,2.1385499375,2.16209344444444,-0.07939035,-72.024563,44.53433,212,11,0,530,21,10286,21744,32400,18,34,96,47,NA,0.938317757009346
"Manhattanville College",962,21,54,830,150,14700,6550,450,400,97,97,11.3,24,11291,70,0,1,1,0,0,1720.11111111111,38.9456955555556,44.00422,-5.0585248,16.5879622222222,20.1512777777778,-3.56331422222222,8.49339244444444,16.73863,-8.24523644444444,1.74619322222222,6.922654,-5.17646077777778,0.206697744444444,0.298379611111111,-0.0916818666666667,0.13179925,0.0546676333333333,0.075830525,1.14973325,2.857807,-1.8093391,-73.718316,41.031054,333,376,4,590,NA,35370,52240,52240,54,58,99,39,4845,0.77962577962578
"Marist College",4731,12,31,3557,658,10700,5925,550,1200,74,81,17.6,34,8408,69,0,1,0,1,0,5139.66666666667,72.1756511111111,52.4858511111111,19.6898021111111,8.09902066666667,18.6902144444444,-10.5911924444444,3.74163522222222,13.8358366666667,-10.0942015555556,2.49677766666667,4.63447088888889,-2.13769311111111,0.134891444444444,0.920568611111111,-0.785677177777778,0.0935415125,0.205424322222222,-0.1143485125,1.9083928125,3.21255622222222,-1.4069039,-73.934342,41.721955,1098,311,0,NA,NA,31290,48390,48390,70,80,88,14,8436,0.670259987317692
"Marshall University",4226,14,60,7703,2339,5094,4010,700,1560,77,86,16.6,10,6203,50,1,0,1,0,0,9038.11111111111,85.8310244444444,88.8146988888889,-2.98367277777778,1.88775988888889,1.54548477777778,0.342275022222222,6.38078488888889,5.50481711111111,0.875967911111111,0.855744311111111,0.792001544444444,0.0637426777777778,0.3680765,0.162159711111111,0.205916755555556,0.0956959,0.0596990333333333,0.0445612,1.9426221875,2.75097477777778,-0.88261095,-82.43065,38.42261,1566,775,16,540,24,6216,18916,27146,23,45,94,47,NA,0.867486985328916
"Mayville State University",233,5,12,658,58,4486,2516,600,1900,68,68,15.7,11,6971,51,1,0,1,0,0,762.222222222222,76.9997355555555,86.60751,-9.60777444444444,5.53859233333333,2.96455033333333,2.57404211111111,7.65168233333333,2.48172077777778,5.16996166666667,0.444686322222222,2.54828566666667,-2.10359934444444,2.41559244444444,2.42952244444444,-0.0139298444444444,0.5109420375,0.135266888888889,0.3925223125,2.26182246666667,1.99118735555556,0.270635255555556,-97.322545,47.504671,140,0,0,NA,NA,6353,16445,18767,21,36,95,34,NA,1
"Merrimack College",1981,18,36,1927,1084,12500,6200,375,1000,73,75,16.8,22,8707,80,0,1,1,0,0,2699.33333333333,73.19828,67.29242,5.90586221111111,6.046589,11.6701395555556,-5.62354933333333,2.98688366666667,7.38900666666667,-4.40212277777778,1.78554566666667,5.29779633333333,-3.51225044444444,0.0919675444444444,0.281140733333333,-0.189173177777778,0.034032175,0.0533904555555556,-0.0177077625,1.24925521111111,3.15444222222222,-1.90518688888889,-71.124216,42.668352,494,160,0,NA,NA,35085,49685,49685,54,60,96,21,14432,0.7778899545684
"Michigan State University",18114,23,57,26640,4120,10658,3734,504,600,93,95,14,9,10520,71,1,0,0,1,0,37475.3333333333,70.3040055555556,69.63206,0.671946944444444,3.67143511111111,5.58909533333333,-1.91766,7.14682966666667,16.4427466666667,-9.29591744444445,4.60340544444444,3.15391066666667,1.44949466666667,0.312791933333333,0.587863655555556,-0.275071711111111,0.0705078125,0.0406676222222222,0.0306207875,2.434842,3.07807177777778,-0.7532918,-84.473639,42.72476,7909,2042,499,690,28,12862,24648,45536,50,78,63,21,NA,0.833388539251408
"Michigan Technological University",2618,42,77,5524,414,8127,3978,900,1200,82,82,17,25,7473,65,1,0,0,1,0,5659.11111111111,84.9760888888889,69.63206,15.3440322222222,1.81806966666667,5.58909533333333,-3.77102555555556,1.27768811111111,16.4427466666667,-15.1650577777778,1.03105156666667,3.15391066666667,-2.122859,0.5309858,0.587863655555556,-0.0568778444444444,0.0865129,0.0406676222222222,0.04662585,1.98326156666667,3.07807177777778,-1.09480995555556,-88.546403,47.1183,1103,282,75,680,29,13728,26375,41255,24,66,97,28,NA,0.873949579831933
"Mississippi State University",4255,18,57,10094,1621,9866,3084,480,1479,77,77,15.9,20,6223,53,1,0,1,0,0,16316.8888888889,71.6189111111111,48.1003233333333,23.5185877777778,2.02108555555556,2.95637711111111,-0.935291555555556,21.02712,45.3475733333333,-24.3204533333333,1.16363822222222,0.910836177777778,0.252802188888889,0.505326411111111,0.535670811111111,-0.0303443888888889,0.0811788875,0.0348033777777778,0.0521447625,1.369653625,0.9274935,0.417422025,-88.78834,33.455241,3215,811,131,630,28,6772,21670,31858,31,61,93,32,NA,0.770152761457109
"Mississippi University for Women",480,19,46,1673,1014,4386,2217,600,1500,49,54,15.8,8,5704,63,1,0,1,0,0,2250.88888888889,55.8988211111111,48.6454333333333,7.25338777777778,0.640179711111111,3.03225744444444,-2.39207811111111,39.4998077777778,44.63495,-5.13514155555556,0.636403033333333,0.948322155555556,-0.311919055555556,0.361282977777778,0.558022177777778,-0.196739233333333,0.0499183625,0.0367341444444444,0.0193782125,0.312503533333333,0.9470932,-0.634589722222222,-88.418601,33.493305,688,82,0,640,24,5640,16823,26543,22,39,99,58,NA,0.84375
"Montana State University",3500,15,42,8730,993,5552,3710,550,2300,75,83,17.6,8,6324,37,1,0,0,1,0,12743.2222222222,86.1959533333333,81.7808455555556,4.41510677777778,3.13333,4.54699366666667,-1.41366377777778,0.621560366666667,0.792331744444444,-0.170771388888889,0.970785155555556,1.14495005555556,-0.174164866666667,1.77747544444444,7.93343555555556,-6.15596033333333,0.090333775,0.125230166666667,-0.0251168125,3.23299725,2.979385,0.19530235,-111.049918,45.666829,1924,505,49,630,27,6752,19452,33417,20,49,87,25,NA,0.810285714285714
"Montclair State University",5220,19,53,6411,3186,3648,4834,700,950,82,87,21.5,9,6717,58,1,0,1,0,0,15151.1111111111,47.3664711111111,45.9998588888889,1.36661246666667,23.6367777777778,20.9867566666667,2.65001702222222,10.1405556666667,15.3105322222222,-5.16997511111111,5.46425433333333,6.89417966666667,-1.42992532222222,0.0943211,0.237345933333333,-0.143024866666667,0.173461525,0.0472908222222222,0.129489825,2.53478676666667,2.77082388888889,-0.236037222222222,-74.199455,40.859233,3201,983,14,540,NA,11318,28028,36906,34,63,77,41,NA,0.407662835249042
"Moravian College",1232,23,58,1241,485,14990,4730,550,1250,86,92,15.2,28,9566,74,0,1,1,0,0,1750.4,73.468326,42.81144,30.656886,9.5823034,19.928194,-10.3458888,4.2206574,17.98208,-13.761424,1.6339734,7.1896676,-5.5556946,0.1305024,0.28900284,-0.1585004,0.02181362,0.05680198,-0.03498834,2.1751932,2.9796226,-0.80442942,-75.380979,40.630888,399,69,0,NA,NA,35518,49090,49090,70,74,99,35,55153,0.775162337662338
"Morningside College",586,16,36,950,228,10520,3678,500,1000,48,68,13,32,8111,56,0,1,1,0,0,1262.66666666667,82.1030122222222,75.14201,6.96100111111111,5.55350322222222,9.81015844444445,-4.256656,1.3783017,5.54880088888889,-4.17049911111111,0.954765166666667,2.51585588888889,-1.56109052222222,0.5818648,1.26861055555556,-0.686745666666667,0.2359646375,0.0968875222222222,0.1512794375,2.144853375,2.54104055555556,-0.4344098125,-96.360738,42.47324,265,185,0,NA,25,25990,38308,38308,48,58,100,40,24937,0.909556313993174
"Morris College",882,2,13,926,12,4515,2550,850,2100,53,60,18.6,34,6990,60,0,1,1,0,0,859.888888888889,0.217956688888889,50.3179944444444,-50.1000377777778,0.492668988888889,7.62313466666667,-7.13046577777778,97.7591677777778,33.5035344444444,64.25563,0.0582910666666667,1.72658277777778,-1.66829155555556,0.0296906111111111,1.44045888888889,-1.41076833333333,0.03123245,0.0998326111111111,-0.0751723125,0.8618668625,2.40412977777778,-1.62124775,-80.346346,33.938707,133,0,0,NA,NA,11087,21481,21481,14,26,99,91,14368,0.827664399092971
"Mount Holyoke College",1800,47,79,1891,40,19300,5700,750,750,79,91,9,51,18359,84,0,1,0,1,0,2213.55555555556,46.6018488888889,52.4858511111111,-5.88400288888889,7.65207622222222,18.6902144444444,-11.0381373333333,5.74984411111111,13.8358366666667,-8.085992,8.84621,4.63447088888889,4.211739,0.100450322222222,0.920568611111111,-0.820118355555556,0.056662025,0.205424322222222,-0.1512280125,3.68866725,3.21255622222222,0.37337085,-72.573625,42.257588,612,6,0,NA,NA,41456,55496,55496,76,82,79,13,248174,0.73
"Mount Marty College",279,17,37,600,435,6844,2980,500,500,45,55,11.7,38,5073,44,0,1,0,0,1,691.111111111111,82.8799333333333,76.2110455555556,6.66888522222222,7.14644555555556,9.58996611111111,-2.44352004444444,3.41597044444444,4.85437888888889,-1.43840852222222,0.721567466666667,2.407203,-1.68563544444444,3.51965322222222,1.58717511111111,1.93247788888889,0.6224165625,0.0908301111111111,0.5409981375,0.463454277777778,2.34554788888889,-1.88209355555556,-97.409904,42.874475,133,32,0,NA,25,22892,34802,34802,45,52,99,39,18673,0.989247311827957
"Murray State University",2225,29,55,5968,955,4738,3110,700,940,72,76,20.2,27,5972,52,1,0,1,0,0,7714.66666666667,83.0314577777778,81.4751122222222,1.55634276666667,1.695348,3.98295177777778,-2.28760377777778,7.18245022222222,9.84807688888889,-2.66562755555556,0.721553966666667,1.18088262222222,-0.459328633333333,0.239872211111111,0.234660466666667,0.00521173333333333,0.059751975,0.162579866666667,-0.117541825,1.706258575,1.94262644444444,-0.357255475,-88.323493,36.61241,1399,694,0,540,25,7044,18898,31018,29,53,99,38,NA,0.858426966292135
"New Jersey Institute of Technology",1879,27,62,3311,1646,8832,5376,700,1850,92,98,13.5,19,12529,72,1,0,0,1,0,6496.33333333333,34.5469122222222,46.0071322222222,-11.4602216666667,20.7253388888889,20.9669,-0.241561466666667,9.07683366666667,15.2896788888889,-6.21284366666667,21.3227188888889,6.92616277777778,14.3965544444444,0.279707911111111,0.239722488888889,0.0399854555555556,0.1108179125,0.0476145888888889,0.065691875,1.63082611111111,2.76807011111111,-1.13724391111111,-74.177113,40.741997,1142,940,67,660,29,15218,31484,44540,23,58,87,35,NA,0.647152740819585
"North Carolina State University at Raleigh",10634,39,78,16505,5481,8400,6540,600,1300,92,98,17.5,21,9670,62,1,0,0,1,0,23024.1111111111,74.7614944444444,55.9535988888889,18.8078944444444,4.163734,9.79662588888889,-5.63289166666667,7.10020877777778,23.8424711111111,-16.7422611111111,5.39230677777778,2.35607222222222,3.03623444444444,0.444593744444444,1.24112277777778,-0.796529077777778,0.058360625,0.0970236111111111,-0.0393809,2.77475356666667,2.64331288888889,0.1314406,-78.674517,35.785111,5446,2327,488,670,30,8206,22184,35639,41,74,71,21,NA,0.664284370885838
"North Central College",1127,30,64,1310,766,11718,7398,450,1800,73,87,16.4,33,8871,76,0,1,0,0,1,2615.77777777778,74.4309888888889,49.4291111111111,25.0018811111111,9.27610911111111,19.0669688888889,-9.79085944444445,3.73843477777778,16.57872,-12.8402855555556,2.486471,4.54305477777778,-2.05658345555556,0.182937344444444,0.265036577777778,-0.0820992222222222,0.0703707875,0.0366035555555556,0.03223515,2.47347605555556,2.55749577777778,-0.0840200111111111,-88.143649,41.775304,630,105,0,NA,27,32613,44769,44769,51,64,99,23,33860,0.784383318544809
"Northern Arizona University",5891,23,48,11249,2682,6746,3728,620,2342,78,83,21.7,7,6157,41,1,0,1,0,0,22646.1111111111,62.7163344444444,52.0051166666667,10.7112188888889,19.2258388888889,25.9446088888889,-6.71877055555556,3.301563,4.04946977777778,-0.7479067,1.84753088888889,2.18969233333333,-0.3421617,3.50207877777778,5.71182444444444,-2.20974566666667,0.3228234,0.166914044444444,0.1603683375,4.16990355555556,3.29785455555556,0.8720492,-111.657653,35.180095,4427,1423,53,580,25,9738,22746,35101,30,49,83,37,NA,0.837039551858768
"Northern Illinois University",10706,12,37,14826,1979,7799,3296,470,1750,73,78,17.3,11,6086,56,1,0,1,0,0,15941,60.1043166666667,47.18561,12.9187041111111,12.9392515555556,20.4879877777778,-7.54873711111111,15.6569722222222,16.37518,-0.718207977777778,5.01833655555556,5.01672255555556,0.00161404444444445,0.192879277777778,0.228913133333333,-0.0360338777777778,0.12118145,0.0337296333333333,0.08644655,2.804412875,2.45642755555556,0.260821825,-88.766065,41.933791,3848,1339,126,580,24,12976,28342,37438,26,51,96,50,NA,0.674294787969363
"Northwest Missouri State University",2729,8,29,4787,472,3735,3136,250,1630,62,65,21.7,23,5284,54,1,0,1,0,0,5462.88888888889,82.3759688888889,71.7081344444444,10.667835,3.04354922222222,6.86795666666667,-3.82440744444444,6.12290344444444,13.3156244444444,-7.19272055555556,0.686879266666667,1.82193166666667,-1.13505246666667,0.275443055555556,0.413209277777778,-0.137766222222222,0.115978075,0.194922055555556,-0.0958978,2.78258044444444,3.27040022222222,-0.4878199,-94.884341,40.352706,1010,282,0,600,25,6390,17376,22377,27,48,95,39,NA,0.928911689263466
"Oakland University",3041,16,56,6441,3982,9114,4030,400,650,88,90,19.7,13,6637,53,1,0,1,0,0,15741.8888888889,76.0183188888889,66.10279,9.91553144444445,2.76508777777778,5.11148255555556,-2.34639444444444,8.26966877777778,20.3595066666667,-12.0898366666667,4.14402,3.66733233333333,0.476687477777778,0.326817666666667,0.408775033333333,-0.0819573777777778,0.1068795,0.0389594777777778,0.068948075,2.2836063625,3.05938344444444,-0.8917191375,-83.218866,42.672586,2827,822,39,NA,26,10613,21751,35011,15,43,92,33,NA,0.848733969089115
"Pepperdine University",3821,86,96,2488,625,18200,6770,500,700,95,98,11.6,13,16185,66,0,1,0,1,0,3487.22222222222,48.74274,52.4858511111111,-3.74310817777778,14.0059911111111,18.6902144444444,-4.68422544444444,6.17976055555556,13.8358366666667,-7.65607544444444,11.5028844444444,4.63447088888889,6.868414,0.621403822222222,0.920568611111111,-0.299164888888889,0.4713205125,0.205424322222222,0.2634304625,4.60466077777778,3.21255622222222,1.39210468888889,-118.707677,34.041912,989,1254,62,680,NA,44902,61192,61192,70,80,72,22,96659,0.533106516618686
"Peru State College",701,10,40,959,457,2580,2624,500,900,48,100,20.1,24,4870,44,1,0,0,0,1,1534.88888888889,77.2832544444444,73.2815011111111,4.00175233333333,4.96060633333333,10.5371262222222,-5.57651966666667,6.97975144444445,6.65212111111111,0.327630255555556,0.982944266666667,2.78210222222222,-1.79915777777778,0.922419388888889,0.991400988888889,-0.0689817,0.216503525,0.113394633333333,0.1163741,2.2878569,2.66509633333333,-0.3941180625,-95.732731,40.474689,323,106,0,NA,NA,6188,16556,16556,19,40,92,46,NA,0.714693295292439
"Pitzer College",1133,37,73,750,30,17688,5900,650,850,100,100,10.4,11,14820,73,0,1,1,0,0,1074,46.1017477777778,23.0086577777778,23.0930933333333,15.3497155555556,41.2166344444444,-25.86692,5.40201544444444,5.69681788888889,-0.294802488888889,8.03258,8.78067566666667,-0.748095744444444,0.527890288888889,0.637058166666667,-0.109167877777778,0.0813978375,0.289322,-0.208007425,6.059046875,3.85012577777778,2.0993980375,-117.705939,34.103408,255,0,0,NA,NA,45018,61416,61416,73,82,41,14,114135,0.556045895851721
"Radford University",5702,15,37,8077,472,6684,4110,500,900,73,83,19.6,9,4519,62,1,0,1,0,0,8433.44444444445,77.3802544444444,76.6537966666667,0.7264582,4.78385633333333,3.69006311111111,1.09379323333333,10.2857736666667,13.4350211111111,-3.1492483,1.64011433333333,2.67770988888889,-1.03759541111111,0.322463533333333,0.220671533333333,0.101792011111111,0.2215815625,0.0382099444444444,0.1820624125,3.37947744444444,2.16208755555556,1.21738985555556,-80.549731,37.136914,1761,363,0,540,22,8976,20700,32865,41,59,75,26,NA,0.858295334970186
"Ramapo College of New Jersey",2088,6,29,2745,1938,4449,4860,600,1655,74,95,17.8,8,7333,47,1,0,1,0,0,5439.44444444444,68.2770511111111,45.8548533333333,22.4221966666667,12.733802,21.0510133333333,-8.31721077777778,5.15556555555556,15.3276488888889,-10.1720823333333,5.97293922222222,6.93210922222222,-0.959170055555556,0.305113011111111,0.236787277777778,0.0683257444444444,0.28250275,0.0470204333333333,0.2388809,0.990936255555556,2.76866911111111,-1.77773266666667,-74.116384,41.007523,1384,90,0,610,26,13388,29161,37811,59,73,78,23,NA,0.458333333333333
"Roger Williams University",3304,10,20,2111,1489,12520,6050,500,730,44,54,16.4,8,7957,61,0,1,0,1,0,4445.22222222222,73.6657077777778,52.4858511111111,21.17986,5.06334288888889,18.6902144444444,-13.6268722222222,2.30119811111111,13.8358366666667,-11.5346377777778,1.492272,4.63447088888889,-3.14219888888889,0.316595844444444,0.920568611111111,-0.603972811111111,0.15238205,0.205424322222222,-0.055508,1.2367913375,3.21255622222222,-2.078505375,-71.261836,41.647314,946,125,0,NA,NA,31668,49394,49394,50,63,91,13,14636,0.848668280871671
"SUNY College at Cortland",7888,6,40,5011,346,6550,4680,630,1274,82,85,17.8,17,5563,53,1,0,1,0,0,6281.42857142857,72.5063,74.7612771428571,-2.25497967142857,8.50604657142857,6.53256571428571,1.97348032857143,3.80209385714286,9.09333085714286,-5.29123728571429,1.18490942857143,4.39982714285714,-3.214918,0.297310557142857,0.388547,-0.0912364285714286,0.0659934166666667,0.0564307714285714,0.0185074833333333,1.40311074285714,2.64063728571429,-1.23752658571429,-76.197909,42.590158,1551,394,0,580,25,7327,22634,32084,47,70,84,26,NA,0.446120689655172
"SUNY College at Geneseo",8598,56,93,5060,146,6550,4170,600,650,79,84,19.1,25,5716,76,1,0,0,1,0,5474.83333333333,75.1236316666667,44.9798183333333,30.14381,6.91482433333333,19.1852183333333,-12.2703916666667,2.81356066666667,15.7602483333333,-12.9466866666667,6.455527,7.3154705,-0.859943533333333,0.1888626,0.399657433333333,-0.21079485,0.03962445,0.0466681333333333,-0.00704366666666667,2.55843016666667,3.001481,-0.443051066666667,-77.821999,42.796864,1280,105,0,700,29,7430,21672,31122,66,78,59,18,NA,0.530588508955571
"SUNY College at Plattsburgh",5549,9,40,5004,475,6550,4176,600,1380,80,90,17.9,16,6174,65,1,0,1,0,0,5502.88888888889,70.2302944444444,79.5546311111111,-9.32433866666667,8.58159044444444,5.644066,2.93752312222222,6.26136622222222,6.37355566666667,-0.112189466666667,2.23269933333333,2.90685466666667,-0.674155377777778,0.429294288888889,0.590324855555556,-0.161030577777778,0.07147165,0.0523156666666667,0.0298799625,1.59838966666667,2.81080022222222,-1.21241012222222,-73.467342,44.691103,1410,240,0,570,24,7179,21309,30759,41,60,91,34,NA,0.645701928275365
"SUNY College at Potsdam",3150,16,51,3598,234,6840,4660,500,1000,71,75,15.1,17,6436,59,1,0,1,0,0,3663.55555555556,71.9577677777778,76.87807,-4.92030113333333,8.89903988888889,5.91752088888889,2.981519,7.22309933333333,8.55898555555556,-1.33588588888889,1.58956822222222,3.27571888888889,-1.68615044444444,1.42730254444444,0.451734122222222,0.975568477777778,0.0794275875,0.0663519888888889,0.0164303875,2.06880317777778,2.86335344444444,-0.794550033333333,-74.976889,44.662862,748,246,0,NA,NA,7174,21109,30559,30,51,91,46,NA,0.726666666666667
"SUNY at Albany",13528,16,61,10168,1231,6550,4355,700,1560,93,96,17.4,16,9075,74,1,0,0,1,0,12739.8888888889,52.6309133333333,45.7924944444444,6.83841746666667,12.9598997777778,18.8617922222222,-5.90189233333333,14.0046888888889,15.7502388888889,-1.74555031111111,7.35147722222222,7.09411455555556,0.257362711111111,0.230794455555556,0.407717677777778,-0.176923233333333,0.1445713125,0.0502758222222222,0.0940876375,2.23535755555556,2.84911566666667,-0.613758411111111,-73.825014,42.686917,3069,1149,154,610,26,8040,22419,32739,56,66,79,36,NA,0.679923122412774
"SUNY at Binghamton",14463,60,94,8544,671,6550,4598,700,1000,83,100,18,15,8055,80,1,0,0,1,0,12607.375,52.2115625,45.991455,6.220106,9.27388325,18.7940025,-9.520119,5.1758135,15.76498,-10.58916375,13.54432375,7.029141,6.515182625,0.122458525,0.4065915,-0.2841329875,0.0615109285714286,0.0508750625,0.0103127,1.7585831375,2.7935005,-1.0349173125,-75.971143,42.088049,2915,828,141,710,30,8144,22832,33152,69,81,61,24,NA,0.426329253958377
"Sacred Heart University",2307,19,51,1707,1889,11070,5780,400,600,71,73,14.8,16,7120,82,0,1,1,0,0,4621.33333333333,70.8431077777778,44.0192388888889,26.8238711111111,7.49353977777778,21.16127,-13.66773,4.06438277777778,15.0799844444444,-11.0155988888889,1.88807911111111,7.01458188888889,-5.126503,0.220215555555556,0.319861488888889,-0.0996459333333333,0.1083865375,0.0515245666666667,0.05647715,1.0437106,2.915987,-1.9710323875,-73.24461,41.221548,843,619,0,NA,NA,35050,53569,53569,63,70,95,16,20869,0.82184655396619
"Saint Ambrose University",897,12,48,1345,390,10450,4020,500,1500,56,56,14.1,16,7444,70,0,1,1,0,0,2620.77777777778,80.8634088888889,78.7247488888889,2.13865966666667,5.83215355555556,6.99748222222222,-1.16532868888889,3.516549,7.31553422222222,-3.79898511111111,1.08490526666667,2.16636544444444,-1.08146016666667,0.182335344444444,0.261764511111111,-0.0794291777777778,0.0724426625,0.0663392666666667,0.00138425,1.63290256666667,2.48226222222222,-0.849359366666667,-90.58098,41.540081,650,300,5,NA,25,26740,40146,40146,47,61,100,25,37468,0.800445930880713
"Saint Cloud State University",3971,10,34,11493,2206,4259,2625,350,1884,70,75,18.9,10,4629,58,1,0,0,0,1,11755,75.7835666666667,72.3948877777778,3.38868033333333,2.75488933333333,6.34888144444444,-3.59399211111111,5.98635466666667,8.13335277777778,-2.14699803333333,4.60648855555556,6.76871777777778,-2.16222944444444,0.382470744444444,0.879945744444444,-0.497475022222222,0.0591693,0.0589503222222222,-0.0002139,3.0930055,3.29901166666667,-0.331575675,-94.153,45.552418,2387,543,14,590,24,7514,19002,26644,19,47,86,39,NA,0.832535885167464
"San Diego State University",9402,20,70,16407,5550,8384,5110,612,2400,87,93,19.5,7,7930,41,1,0,0,1,0,27090.1111111111,37.0836366666667,26.5902755555556,10.4933604444444,28.9764,37.7346033333333,-8.75820255555556,3.99989233333333,5.55487033333333,-1.55497822222222,14.1797866666667,10.1270518888889,4.05273233333333,0.347415688888889,0.732785722222222,-0.385370066666667,0.360723375,0.381486011111111,-0.0242301125,5.534592875,4.39712411111111,1.017708425,-117.071228,32.77525,5881,1777,82,610,26,6766,25068,36228,33,66,62,34,NA,0.746649649010849
"Sarah Lawrence College",1380,57,82,1000,105,19300,6694,600,700,89,93,6.1,18,14779,83,0,1,0,1,0,1333,59.9122144444444,52.4858511111111,7.42636491111111,8.80111855555556,18.6902144444444,-9.88909588888889,3.85298244444444,13.8358366666667,-9.982853,4.46807011111111,4.63447088888889,-0.166400911111111,0.118094355555556,0.920568611111111,-0.802474266666667,0.074605875,0.205424322222222,-0.13328415,5.73379325,3.21255622222222,2.418496875,-73.84381,40.934147,328,139,0,NA,NA,48696,64122,64122,62,69,78,14,44780,0.556521739130435
"Simpson College",1016,27,57,1116,602,11250,4980,550,1400,66,73,15.8,36,7411,70,0,1,0,0,1,1702.33333333333,87.7278344444444,82.4622411111111,5.26559422222222,2.47468522222222,5.76407711111111,-3.289392,2.06457411111111,4.338692,-2.27411766666667,1.36796224444444,3.21297088888889,-1.84500886666667,0.354135655555556,0.3426671,0.0114685444444445,0.0591133375,0.0834060444444444,-0.0272534875,1.83449144444444,1.966121,-0.131629588888889,-93.563471,41.365503,463,17,0,NA,27,30999,43350,43350,55,65,100,33,40815,0.858267716535433
"Smith College",2925,51,88,2479,95,18820,6390,500,1050,85,97,10.3,44,21199,90,0,1,0,1,0,2572.88888888889,44.9317088888889,52.4858511111111,-7.55413877777778,8.95032466666667,18.6902144444444,-9.739891,5.51597377777778,13.8358366666667,-8.31986188888889,11.9570544444444,4.63447088888889,7.32258411111111,0.252909155555556,0.920568611111111,-0.667659488888889,0.1072605375,0.205424322222222,-0.1006294875,4.36520275,3.21255622222222,1.049906275,-72.638094,42.317933,698,159,10,NA,NA,43114,60167,60167,82,86,73,21,462144,0.546324786324786
"South Dakota State University",2807,13,37,7000,1103,3811,2190,500,1970,62,65,15,29,5084,67,1,0,1,0,0,9954.66666666667,89.3839322222222,84.2389255555556,5.14500733333333,1.72130661111111,3.94043022222222,-2.21912388888889,1.55191773333333,2.04444088888889,-0.492523344444444,0.897806522222222,1.81157911111111,-0.913772566666667,1.15926534444444,4.55593788888889,-3.39667288888889,0.0886974625,0.0299778555555556,0.054972375,1.848716875,2.10812377777778,-0.308457275,-96.783415,44.31942,1988,324,45,600,25,7713,19446,21528,27,57,92,30,NA,0.922337014606341
"Southeast Missouri State University",2281,18,43,6553,1246,4680,3540,200,2150,75,76,17.1,8,5916,45,1,0,1,0,0,9194.11111111111,79.5815611111111,66.3052811111111,13.2762806666667,1.676695,3.22183366666667,-1.54513855555556,9.60265444444445,24.1278333333333,-14.5251777777778,0.989209833333333,2.85255211111111,-1.86334233333333,0.443897411111111,0.206831888888889,0.2370655,0.0297128125,0.0559526555555556,-0.0135314,0.312178822222222,2.39644077777778,-2.08426188888889,-89.529119,37.31575,1623,365,0,595,25,6863,19211,24543,27,49,93,40,NA,0.819815870232354
"Talladega College",4414,30,60,908,119,5666,2964,1000,1400,56,58,15.5,7,5970,46,0,1,1,0,0,822.666666666667,4.00745988888889,50.0261922222222,-46.0187333333333,3.81521122222222,8.35062288888889,-4.53541188888889,89.0868988888889,33.4264211111111,55.6604766666667,0.2201684,2.56459022222222,-2.34442166666667,0.0142085777777778,0.369582455555556,-0.355373866666667,0.1045797625,0.0490457222222222,0.0598828125,0.7594159375,2.079709,-1.3960887,-86.113675,33.434258,78,0,0,NA,NA,11492,21296,21296,82,82,98,98,6100,0.339827820570911
"Texas Southern University",4345,15,85,5584,3101,7860,3360,600,1700,65,75,18.2,21,3605,10,1,0,1,0,0,6946.33333333333,1.7080663,32.5075822222222,-30.7995155555556,5.41475288888889,34.2333155555556,-28.8185655555556,83.90781,17.3226688888889,66.5851433333333,2.244599,4.74955522222222,-2.50495611111111,0.496458933333333,0.423909355555556,0.0725495666666667,0.0448999875,0.0918683,-0.047459425,0.23534575,2.04888022222222,-1.922420175,-95.361961,29.722468,774,368,20,470,19,7946,24566,35186,6,16,95,78,NA,0.746835443037975
"University of Alabama at Birmingham",1797,24,35,6960,4698,4440,5175,750,2200,96,96,6.7,16,16352,33,1,0,1,0,0,11284.3333333333,59.27184,59.1444044444444,0.1274367,2.61136033333333,5.02163255555556,-2.41027211111111,26.19885,30.7935688888889,-4.59471788888889,5.07581822222222,1.18152144444444,3.89429644444444,0.295902822222222,0.451551288888889,-0.155648466666667,0.0602651875,0.0458638555555556,0.0212940875,3.151785625,1.65036233333333,1.4561059,-86.80917,33.50223,2195,1540,147,650,28,7206,22495,31687,29,53,90,36,NA,0.701168614357262
"University of Central Florida",6986,25,60,12330,7152,6618,4234,700,1600,80,98,22.2,9,6742,46,1,0,1,0,0,51236.7777777778,57.31216,52.69654,4.61562155555556,21.3086633333333,19.4413355555556,1.86732655555556,10.4593083333333,17.5716666666667,-7.11235744444444,5.70729855555556,2.87157911111111,2.83571922222222,0.255165633333333,0.336297822222222,-0.0811321888888889,0.20718645,0.0795747,0.1282364125,2.7792998875,3.02229688888889,-0.3538027625,-81.198805,28.60106,12320,2285,238,640,28,6317,20839,36938,36,67,96,31,NA,0.423561408531348
"University of Florida",12445,54,85,24470,3286,7090,4180,630,1530,88,97,13.4,20,14737,66,1,0,0,1,0,32517.4444444444,57.9064211111111,45.30835,12.59807,19.0074388888889,25.0658155555556,-6.05837555555556,7.70484211111111,20.1608955555556,-12.4560554444444,8.07794122222222,2.49816677777778,5.57977444444444,0.299181311111111,0.317699622222222,-0.0185182888888889,0.505424975,0.0728742333333333,0.43102265,2.742605375,2.78894788888889,-0.1503580375,-82.361195,29.638248,8244,3929,742,690,31,6263,19103,41381,65,87,96,29,NA,0.710004017677782
"University of Georgia",11220,43,79,19553,2748,5697,3600,525,1755,88,95,14.7,22,7881,63,1,0,0,1,0,26734.6666666667,73.6539266666667,46.8560455555556,26.7978788888889,4.80729377777778,9.88958033333333,-5.08228722222222,7.345183,33.6523555555556,-26.3071722222222,8.73780633333333,3.27942855555556,5.45837766666667,0.124031211111111,0.285288622222222,-0.161257422222222,0.093415475,0.0578710666666667,0.0362209125,2.62753098888889,2.21672666666667,0.410804455555556,-83.374049,33.956428,6872,1662,440,670,30,10262,22064,40274,57,82,94,21,NA,0.701515151515152
"University of Hawaii at Manoa",3580,36,69,11028,2411,4460,3038,687,1281,85,87,11.8,6,12833,54,1,0,1,0,0,13549.8888888889,18.7286111111111,22.0018777777778,-3.27326644444444,8.49417411111111,11.120317,-2.62614007777778,1.37229611111111,3.31482177777778,-1.94252555555556,43.1320333333333,26.7266411111111,16.4053922222222,0.249678,0.312716744444444,-0.0630387666666667,3.902371875,9.89510166666667,-6.148932375,24.2249575,25.0073188888889,-1.2120008875,-157.816607,21.292648,3202,1049,229,610,27,9904,22996,40564,19,57,79,28,NA,0.727094972067039
"University of Illinois at Chicago",8384,22,50,13518,2916,7230,5088,630,3228,82,84,10,6,13883,34,1,0,0,1,0,17064.3333333333,37.9829288888889,52.0764722222222,-14.093544,25.3096555555556,17.84875,7.46090555555556,8.07781966666667,15.8727166666667,-7.79489622222222,22.11616,4.45635211111111,17.6598066666667,0.116388722222222,0.227890166666667,-0.111501433333333,0.3123484,0.0370946666666667,0.2752136875,2.54784675,2.40783755555556,0.0468105,-87.651145,41.872651,3809,2170,352,640,26,13410,29320,41710,30,57,82,54,NA,0.683086832061069
"University of Kansas",8579,25,50,17880,1673,6994,3384,700,2681,88,94,13.7,17,9657,57,1,0,0,1,0,19220.2222222222,75.05909,69.82748,5.231611,6.23511155555556,12.2780371111111,-6.04292666666667,4.01532311111111,6.97728,-2.96195677777778,4.17782066666667,3.04390777777778,1.1339128,0.5676059,1.05327414444444,-0.4856684,0.0664191625,0.0942635666666667,-0.0306549375,4.0986945,3.74603244444444,0.2547672875,-95.24587,38.957351,4265,1547,369,NA,28,10107,22277,37043,36,62,79,22,NA,0.64821074717333
"University of Louisville",4777,16,33,9844,6198,6540,3600,530,2440,84,92,11.1,24,10207,31,1,0,0,1,0,14825.8888888889,76.66553,80.8199422222222,-4.15441066666667,3.61124966666667,3.97778611111111,-0.366536277777778,11.57777,10.0863538888889,1.49141743333333,3.16482011111111,1.36266855555556,1.80215188888889,0.145788033333333,0.217900244444444,-0.0721122111111111,0.063941625,0.1074673,-0.043322675,3.7414015,2.12074288888889,1.521693075,-85.758843,38.215752,2731,1320,138,610,28,9946,22796,36684,25,53,97,32,NA,0.639941385806992
"University of Maine at Farmington",1208,20,48,1906,344,6810,3970,450,1647,67,75,15.9,26,5712,59,1,0,1,0,0,1931.77777777778,86.6293577777778,90.1380077777778,-3.50864938888889,1.48758804444444,2.35793777777778,-0.870349788888889,1.51656488888889,2.10463411111111,-0.588069277777778,0.732181311111111,1.55894222222222,-0.826760977777778,0.495597611111111,0.733765633333333,-0.238168011111111,0.065976725,0.00965814444444445,0.05875395,1.94414051111111,2.642253,-0.698112433333333,-70.147469,44.668,394,17,0,NA,NA,9167,21425,30513,38,55,96,49,NA,0.664735099337748
"University of Maine at Machias",441,17,45,633,317,6600,3680,600,400,46,46,15.1,4,5935,64,1,0,0,0,1,576.111111111111,78.3409222222222,90.8688811111111,-12.5279581111111,3.76261655555556,2.14810733333333,1.6145093,3.51599011111111,1.71644455555556,1.79954532222222,0.445508922222222,1.318429,-0.872919844444444,3.54583766666667,1.26657333333333,2.27926445555556,0.0239463625,0.0151901555555556,0.0133675875,2.23916588888889,2.18350066666667,0.0556654444444444,-67.456534,44.709895,77,0,0,520,25,7490,18968,30848,14,31,98,60,NA,0.836734693877551
"University of Maine at Presque Isle",461,10,40,974,503,6600,3630,400,1675,67,67,15.2,11,6408,35,1,0,1,0,0,946.555555555556,75.4094911111111,91.1291355555555,-15.7196433333333,1.43107874444444,2.00233155555556,-0.571252855555555,1.81620344444444,1.80044244444444,0.0157610888888889,0.388044444444444,0.8662623,-0.478217822222222,3.22499388888889,1.65435888888889,1.57063531111111,0,0.00779301111111111,-0.0087671375,2.30331474444444,2.00856833333333,0.294746444444444,-68.016516,46.672377,194,0,0,NA,NA,7300,18276,28236,15,30,99,58,NA,0.82646420824295
"University of Mississippi",3844,26,47,7524,804,4916,3810,600,550,81,86,20.3,14,6971,53,1,0,1,0,0,17296.1428571429,77.1196085714286,46.9905342857143,30.1290757142857,2.87420857142857,3.033352,-0.159143271428571,14.81543,46.3131442857143,-31.4977142857143,1.59247485714286,0.956852985714286,0.635621814285714,0.306625414285714,0.6164573,-0.309831871428571,0.103105285714286,0.0294232,0.0736821,1.86307057142857,0.939450842857143,0.9236196,-89.539377,34.362144,2863,661,79,600,27,6760,22444,33412,36,58,83,26,NA,0.880072840790843
"University of Montevallo",1351,18,78,2385,331,4440,3030,300,600,72,72,18.9,8,5883,51,1,0,1,0,0,2520.77777777778,72.7172444444444,58.7872944444444,13.9299488888889,3.21108444444444,4.79914966666667,-1.58806537777778,14.1033288888889,31.4658755555556,-17.3625488888889,1.15362328888889,1.17003711111111,-0.0164139,0.525409822222222,0.471861011111111,0.0535488,0.0247489625,0.0475055888888889,-0.015985775,2.1033629125,1.62208244444444,0.4399656375,-86.865099,33.10625,326,165,0,550,26,10000,23340,33030,24,45,88,38,NA,0.660251665433013
"University of North Carolina at Asheville",1757,32,74,2033,1078,5972,3420,600,750,77,83,13,11,7011,37,1,0,0,1,0,3393.55555555556,83.2491322222222,55.9535988888889,27.2955333333333,4.53169466666667,9.79662588888889,-5.264931,3.34282555555556,23.8424711111111,-20.4996444444444,1.56639977777778,2.35607222222222,-0.789672722222222,0.383665488888889,1.24112277777778,-0.857457377777778,0.07021345,0.0970236111111111,-0.0275281,2.93006333333333,2.64331288888889,0.286750366666667,-82.565259,35.616618,717,13,0,640,27,6241,18765,32587,37,60,77,26,NA,0.557199772339215
"University of North Carolina at Chapel Hill",14596,75,92,14609,1100,8400,4200,550,1200,88,93,8.9,23,15893,83,1,0,0,1,0,17976.1111111111,65.3480111111111,55.9535988888889,9.39441288888889,7.91637577777778,9.79662588888889,-1.88024975555556,8.60251166666667,23.8424711111111,-15.2399577777778,8.687259,2.35607222222222,6.33118611111111,0.572315544444444,1.24112277777778,-0.668807277777778,0.2131474625,0.0970236111111111,0.1154059375,3.14085422222222,2.64331288888889,0.497541322222222,-79.050969,35.912165,4627,2043,530,710,32,8340,24024,45806,81,90,68,20,NA,0.410043847629488
"University of North Carolina at Charlotte",5803,19,62,10099,3255,7248,3109,600,1900,79,91,16.8,7,6227,62,1,0,1,0,0,21473.6666666667,61.2370077777778,56.1426488888889,5.09436055555556,7.42755677777778,10.2557717777778,-2.828216,16.5664077777778,23.1148044444444,-6.548396,5.50415766666667,2.36853088888889,3.13562688888889,0.413835444444444,1.23258624444444,-0.818750911111111,0.1203291375,0.106761566666667,0.0092455125,2.8616089,2.47864855555556,0.382960233333333,-80.73579,35.306834,4194,1227,133,600,25,6107,19080,31609,26,54,75,37,NA,0.765293813544718
"University of North Carolina at Greensboro",5191,15,44,7532,1847,8677,3505,600,1300,75,94,15.5,17,7392,53,1,0,1,0,0,14850.5555555556,57.1596188888889,51.8417255555556,5.31789396666667,6.44447288888889,10.7197877777778,-4.27531377777778,25.6577744444444,25.8342333333333,-0.176459744444444,4.38347255555556,2.94321044444444,1.44026217777778,0.360078744444444,1.33257515555556,-0.972496366666667,0.0909420625,0.0979190888888889,-0.0109076875,3.83547088888889,2.71166311111111,1.12380773333333,-79.809844,36.067503,3038,909,134,560,25,6382,19172,32970,30,55,80,48,NA,0.79637834713928
"University of North Dakota",2777,20,54,8334,1435,5634,2703,450,1200,97,97,15.9,16,9424,49,1,0,1,0,0,10804.4444444444,82.37039,86.8138488888889,-4.44345866666667,2.47478188888889,2.98051033333333,-0.505728444444444,1.97737144444444,2.65139066666667,-0.674019311111111,1.432538,2.72725744444444,-1.29471956666667,1.84711866666667,1.86459022222222,-0.0174714222222222,0.0886212375,0.144552255555556,-0.0368368125,2.19733452222222,1.99411521111111,0.203219144444444,-97.070823,47.921881,1736,646,72,610,26,7508,21162,31448,24,53,88,21,NA,0.809866762693554
"University of North Florida",1800,44,85,3876,3588,6634,4360,600,2604,82,85,17.8,14,6104,47,1,0,1,0,0,13942.7777777778,70.4397855555556,55.3125577777778,15.1272277777778,9.25298688888889,14.0217411111111,-4.76875566666667,9.81690177777778,20.9843022222222,-11.1674004444444,4.71253022222222,3.23630722222222,1.47622305555556,0.199093466666667,0.284326633333333,-0.0852331666666667,0.0852280125,0.0919451333333333,-0.009838675,4.3317415,2.95586533333333,1.2542903625,-81.507853,30.270917,3221,542,8,610,26,6353,20575,34978,21,50,94,31,NA,0.696111111111111
"University of North Texas",4418,23,51,14047,5134,4104,3579,450,1700,86,94,22.6,6,5657,35,1,0,1,0,0,30055.2222222222,52.3104077777778,40.5377111111111,11.7727007777778,19.4022633333333,29.4672255555556,-10.0649646666667,13.1474577777778,14.4729977777778,-1.32554015555556,5.54576488888889,4.10330966666667,1.44245522222222,0.498091344444444,0.5254359,-0.0273445777777778,0.1164523125,0.129773022222222,-0.0128327375,4.9231595,2.637877,2.1812378125,-97.151211,33.210958,6365,1893,202,610,26,8745,20232,28728,25,50,89,39,NA,0.619511090991399
"University of Northern Colorado",5530,12,37,8463,1498,7731,4128,540,2286,75,75,21.5,8,6309,40,1,0,1,0,0,9497.44444444445,62.1106422222222,59.2386055555556,2.87203527777778,15.6749333333333,22.3525577777778,-6.67762333333333,3.98739477777778,4.77303088888889,-0.785636,1.79343222222222,2.97603,-1.18259763333333,0.481036166666667,0.873071066666667,-0.3920349,0.1690806625,0.184018966666667,-0.0216830375,3.367484125,4.19725644444444,-0.94001125,-104.701721,40.403178,2019,692,93,570,24,6968,20264,31803,27,46,90,36,NA,0.724593128390597
"University of Northern Iowa",4144,18,52,10135,1448,6197,2930,595,2380,78,82,16.3,26,6333,77,1,0,1,0,0,10397.4444444444,86.5654211111111,81.9816611111111,4.58376144444444,2.93812744444444,5.61901866666667,-2.68089111111111,2.73932477777778,4.25418866666667,-1.51486388888889,1.02165766666667,3.79770666666667,-2.77604888888889,0.208245166666667,0.310049933333333,-0.101804777777778,0.0544359,0.0749258888888889,-0.023047175,1.52161633333333,2.08741455555556,-0.565798166666667,-92.459703,42.514923,2349,496,0,640,24,7685,19880,29376,37,66,87,25,NA,0.815395752895753
"University of Oregon",8631,25,61,11669,1605,10602,3660,570,1530,79,87,19.7,13,8020,54,1,0,0,1,0,19780.7777777778,65.1969077777778,66.7865955555556,-1.58968623333333,8.03119977777778,14.81306,-6.78186011111111,1.975363,2.24875744444444,-0.2733942,5.53854833333333,4.39150966666667,1.1470387,0.666345177777778,1.51228711111111,-0.845942,0.5257457625,0.527959277777778,-0.0028403375,5.823233625,5.01369844444444,0.653804225,-123.07398,44.044515,4622,949,169,620,27,9763,24352,44377,44,67,68,23,NA,0.779979144942649
"University of Portland",1758,27,58,2041,174,12040,4100,600,1100,92,96,13.2,17,9060,72,0,1,0,1,0,3501.11111111111,64.0152311111111,52.4858511111111,11.5293843333333,9.59360855555556,18.6902144444444,-9.09660477777778,1.13721421111111,13.8358366666667,-12.6986244444444,10.9381616666667,4.63447088888889,6.30368922222222,0.373286877777778,0.920568611111111,-0.5472818,1.61488625,0.205424322222222,1.406996125,7.446603125,3.21255622222222,4.131307125,-122.726859,45.571807,758,190,0,650,NA,38670,53958,53958,70,75,97,23,29069,0.844709897610922
"University of Rhode Island",9643,12,40,8894,2456,10330,5558,500,1250,84,89,16.6,7,9158,63,1,0,1,0,0,13245.3333333333,71.5393933333333,63.1132577777778,8.42613611111111,8.199489,14.8742944444444,-6.67480355555556,5.12867077777778,7.13282866666667,-2.00415777777778,2.94147588888889,4.40128177777778,-1.45980581111111,0.268182966666667,0.428575277777778,-0.160392322222222,0.0518397375,0.101237755555556,-0.0588745375,2.0818599125,3.31317766666667,-1.3529603625,-71.527356,41.484691,2873,589,97,590,26,12450,26882,42448,41,63,91,26,NA,0.803795499325936
"University of Southern Indiana",2379,8,25,4283,2973,4973,3192,500,1425,56,65,22,21,4078,38,1,0,1,0,0,8723.88888888889,86.8852933333333,85.2512811111111,1.63401294444444,1.87860487777778,3.07334977777778,-1.19474486666667,4.83741377777778,5.12381577777778,-0.286401911111111,1.07280981111111,3.17143633333333,-2.09862633333333,0.284348144444444,0.198709133333333,0.0856390111111111,0.0956134375,0.0287751111111111,0.0648926,1.49667163333333,2.15080322222222,-0.654131511111111,-87.67666,37.966188,1653,416,0,560,24,6698,19568,28423,15,37,88,36,NA,0.896595208070618
"University of Southern Mississippi",2850,20,50,9260,1387,4652,2470,500,500,78,99,18.7,23,5917,45,1,0,1,0,0,12340.7777777778,60.2710088888889,49.8304944444444,10.4405101111111,2.83984755555556,3.55441444444444,-0.714566833333333,30.4215277777778,42.11697,-11.6954445555556,1.20532622222222,1.31085111111111,-0.105525044444444,0.3910334,0.773029166666667,-0.381995733333333,0.0807408375,0.0397698666666667,0.052569125,1.53376906666667,1.17438184444444,0.359387266666667,-89.33791,31.327499,2503,697,169,560,27,6744,19894,28174,21,45,96,50,NA,0.71719298245614
"University of Utah",5095,27,53,13894,8374,6857,3975,858,3093,89,93,12.8,9,9275,37,1,0,1,0,0,22830.8888888889,72.67916,73.0859922222222,-0.406827588888889,9.32386122222222,13.7155266666667,-4.391665,1.334639,1.249093,0.0855458333333333,5.29037288888889,2.49241088888889,2.797962,0.548553722222222,0.774321711111111,-0.225767966666667,0.5936718875,1.09717588888889,-0.5127591625,3.13268045555556,2.80525444444444,0.327425733333333,-111.846044,40.762484,5139,1921,324,648,27,7457,21920,38199,24,60,64,24,NA,0.881452404317959
"University of Vermont",7663,18,51,7353,1674,15516,4928,500,990,87,90,9.9,10,12646,79,1,0,0,1,0,10252.4444444444,84.2696533333333,90.0236344444444,-5.75398211111111,3.83170155555556,2.84463311111111,0.987068688888889,1.279357,1.87692966666667,-0.597572544444444,2.39159066666667,2.168093,0.223497922222222,0.2082455,0.278192077777778,-0.0699466111111111,0.044932975,0.0674366555555556,-0.02583805,2.866248125,2.17272266666667,0.6483076625,-73.198128,44.479262,2566,440,84,650,29,15718,28886,49814,65,76,94,20,NA,0.784027143416417
"University of Wisconsin-Stout",2593,9,32,6038,579,6704,2592,376,1750,78,78,21,17,6254,65,1,0,1,0,0,8102.66666666667,88.4251477777778,89.9231177777778,-1.49796745555556,2.095715,2.69618277777778,-0.6004677,1.28964496666667,1.21209396666667,0.0775511111111111,3.19316511111111,2.81080866666667,0.3823566,0.367816111111111,1.06783815555556,-0.700022044444444,0.1154472375,0.0708992888888889,0.0405218,1.69233677777778,1.50966011111111,0.182676588888889,-91.929461,44.88861,1636,334,0,NA,24,8968,18718,26464,21,54,87,28,NA,0.758195140763594
"University of Wisconsin-Superior",910,14,53,1434,417,7032,2780,550,1960,75,81,15.2,15,6490,36,1,0,1,0,0,2405,82.7956377777778,89.8197688888889,-7.02413455555556,1.969304,2.270647,-0.301342944444444,1.65716966666667,1.12115475555556,0.536014911111111,1.14141386666667,2.67491522222222,-1.53350144444444,2.266822,1.86280288888889,0.404019066666667,0.1044246125,0.121510577777778,-0.02309945,2.4967473,1.69960818888889,0.7971391,-92.089039,46.717548,478,60,0,NA,24,7946,18166,25739,14,41,88,37,NA,1
"University of Wisconsin-Whitewater",4400,12,38,7804,1552,6950,2500,300,1200,90,95,23.1,16,5559,67,1,0,1,0,0,10301.7777777778,85.0088866666667,71.7683455555556,13.24054,4.49993566666667,8.62236022222222,-4.12242455555556,4.60528877777778,9.80229355555556,-5.197005,1.63913077777778,3.68606011111111,-2.04692922222222,0.211966288888889,0.722950966666667,-0.510984666666667,0.064198575,0.0444282222222222,0.01626505,2.93505478888889,2.75688333333333,0.178171444444444,-88.742368,42.835563,1944,524,0,600,24,7578,17078,24651,28,55,80,29,NA,0.845227272727273
"University of Wyoming",2029,23,46,7535,1488,5988,3422,600,1500,91,94,15.1,13,8745,45,1,0,0,1,0,9829.88888888889,78.3100244444445,78.4494,-0.139378822222222,5.94604988888889,10.4451635555556,-4.49911266666667,1.12752788888889,1.78695511111111,-0.659427344444444,1.164442,1.00091038888889,0.163531444444444,0.705122333333333,2.47201533333333,-1.76689288888889,0.23290925,0.202551944444444,0.0091723125,2.50312555555556,3.14389377777778,-0.640767933333333,-105.57204,41.311943,2053,486,81,630,27,4404,18145,27865,24,54,92,20,NA,0.747166091670774
"Upper Iowa University",663,10,35,1481,1160,8840,3060,500,1000,69,75,17.4,19,3733,78,0,1,0,0,1,4505.44444444444,65.3295144444444,78.2028655555556,-12.8733533333333,4.29301766666667,6.15484166666667,-1.8618239,18.33588,5.559714,12.7761633333333,1.52328682222222,4.98405111111111,-3.46076433333333,0.397150377777778,0.508762233333333,-0.111611866666667,0.1682137,0.0615828111111111,0.1026258875,1.1849429625,2.62211588888889,-1.5414982,-91.799663,42.840293,1594,206,0,NA,24,24400,35910,35910,24,40,85,36,1934,0.681749622926094
"Valley City State University",368,5,27,863,189,4286,2570,600,2000,39,41,14.9,25,4958,40,1,0,1,0,0,971,82.0864288888889,86.4229122222222,-4.33648077777778,4.52456022222222,2.91363166666667,1.61092867777778,3.90211177777778,2.43099411111111,1.47111772222222,0.743425544444444,2.49224433333333,-1.74881881111111,1.29521466666667,2.81430488888889,-1.51908993333333,0.3340225625,0.1323015,0.2182343625,2.1844259,1.96185437777778,0.222571411111111,-98.001762,46.919144,241,38,0,510,23,6516,16986,25066,23,46,99,37,NA,0.934782608695652
"Virginia Commonwealth University",4963,18,45,10262,5065,10217,4182,500,3630,81,87,8.7,11,11183,45,1,0,1,0,0,22172.4444444444,51.01341,52.1970711111111,-1.18365846666667,7.25369811111111,10.649239,-3.39554255555556,18.8942533333333,24.0982911111111,-5.20403855555556,12.3187144444444,5.48216122222222,6.83655444444444,0.341809311111111,0.422618744444444,-0.0808094222222222,0.2143944875,0.129593966666667,0.0876264375,4.878233375,3.76427455555556,0.97952575,-77.453597,37.547631,4659,1652,324,600,26,12002,28297,45768,30,57,79,29,NA,0.704614144670562
"Virginia State University",2996,2,30,3006,338,5587,4845,500,600,61,63,16,11,5733,31,1,0,1,0,0,4701.66666666667,1.83067201111111,52.5329788888889,-50.7023077777778,1.51989954444444,10.5285844444444,-9.00868555555556,79.0378966666667,24.0249311111111,55.0129677777778,0.300461377777778,5.42104233333333,-5.12058111111111,0.240270277777778,0.417582777777778,-0.177312488888889,0,0.125124988888889,-0.1224975,0,3.73196088888889,-3.863781875,-77.419886,37.236453,920,138,6,445,18,7784,20767,30175,25,46,92,67,NA,0.814419225634179
"Voorhees College",1465,10,30,703,20,4450,2522,500,1200,43,43,22.9,3,5861,58,0,1,1,0,0,563.444444444444,0.732137711111111,54.18508,-53.4529411111111,0.906576088888889,7.33938088888889,-6.43280477777778,95.3421811111111,30.9755933333333,64.3665911111111,0.124996422222222,1.82936911111111,-1.70437277777778,0.215714911111111,0.757749077777778,-0.542034155555556,0.046742825,0.0782496777777778,-0.031968475,0.4894452875,2.21818066666667,-1.8114842875,-81.130104,33.307455,131,0,0,NA,NA,10780,19876,19876,20,33,99,92,8945,0.686689419795222
"Wabash College",800,41,76,801,5,12925,4195,500,635,78,85,9.9,55,14904,72,0,1,0,1,0,882,75.0486977777778,52.4858511111111,22.5628466666667,6.23227655555556,18.6902144444444,-12.4579366666667,5.93836033333333,13.8358366666667,-7.89747588888889,1.63590627777778,4.63447088888889,-2.99856464444444,0.449749111111111,0.920568611111111,-0.470819522222222,0.1813171375,0.205424322222222,-0.0265728875,2.42623366666667,3.21255622222222,-0.786322533333333,-86.905809,40.037799,189,0,0,NA,NA,35650,46660,46660,63,69,95,29,382150,0.77875
"Wake Forest University",5661,75,88,3499,172,13850,4360,500,1250,95,97,4.3,37,41766,89,0,1,0,1,0,4817.77777777778,75.1477111111111,52.4858511111111,22.6618611111111,5.64524111111111,18.6902144444444,-13.0449722222222,6.95356655555556,13.8358366666667,-6.88226922222222,4.85742477777778,4.63447088888889,0.222953588888889,0.235804755555556,0.920568611111111,-0.684763877777778,0.04089955,0.205424322222222,-0.1669904625,2.2274127625,3.21255622222222,-1.0878836,-80.279004,36.135301,1111,680,50,NA,NA,44742,60242,60242,82,86,81,17,143348,0.42254018724607
"Washington State University",6540,31,70,14445,1344,8200,4210,800,2719,84,87,16.9,30,10912,56,1,0,1,0,0,23063.3333333333,66.6327955555556,71.8398666666667,-5.20707227777778,10.6549838888889,11.6890444444444,-1.03406091111111,2.99505122222222,1.97906222222222,1.01598903333333,5.48170477777778,3.29224388888889,2.18946077777778,0.8109996,1.50218255555556,-0.691183022222222,0.40676225,0.4707042,-0.0827425875,5.690319,4.629657,1.06066167777778,-117.158168,46.730448,5275,800,268,580,25,12327,27697,40779,40,65,79,32,NA,0.892813455657492
"Wayne State College",1373,6,21,2754,474,2700,2660,540,1660,60,68,20.3,29,4550,52,1,0,1,0,0,2845,81.8014988888889,73.0224844444444,8.77901155555556,6.065774,11.0156078888889,-4.94983433333333,2.87083977777778,6.46891588888889,-3.59807622222222,0.514771188888889,2.73303455555556,-2.21826311111111,0.775046011111111,1.00930563333333,-0.2342597,0.1005163625,0.111269244444444,0.001070875,1.74862257777778,2.60875377777778,-0.860130988888889,-97.014241,42.241612,522,126,0,NA,NA,5574,15500,19700,25,46,92,43,NA,1
"Western Carolina University",3224,11,31,5000,706,6390,2380,110,1622,67,78,14.6,9,6554,55,1,0,1,0,0,8155,81.0394644444444,72.9540188888889,8.08544844444445,4.268715,7.55651177777778,-3.28779691111111,6.32980511111111,11.1360453333333,-4.80624033333333,1.17173092222222,1.92914677777778,-0.757416166666667,0.876405255555556,0.984569855555556,-0.108164711111111,0.0987004375,0.0547277777777778,0.0429064875,2.80750941111111,2.38502111111111,0.422488633333333,-83.125447,35.28149,1772,555,12,570,24,6265,18599,28196,32,51,83,39,NA,0.781327543424318
"Western Michigan University",9167,24,53,15739,4278,6940,4100,500,1700,80,84,24.7,11,5983,55,1,0,1,0,0,18757.3333333333,74.8652233333333,75.9001477777778,-1.03492606666667,4.71303244444444,7.01859266666667,-2.30556022222222,10.7940205555556,8.64385777777778,2.15016214444444,1.60692533333333,2.75575533333333,-1.14882982222222,0.437401322222222,0.486229911111111,-0.0488285888888889,0.12496795,0.0471069111111111,0.0776780625,3.111980375,3.18913422222222,-0.191985,-85.61512,42.282589,3887,1402,110,NA,25,10355,22250,36004,24,55,84,36,NA,0.784444202029017
"Western Washington University",5548,30,71,8909,506,8124,4144,639,2385,83,89,22.7,10,7203,61,1,0,0,1,0,14006.6666666667,74.5131177777778,60.9269566666667,13.5861613333333,6.907292,14.1252366666667,-7.21794544444444,1.84602822222222,4.09526288888889,-2.24923466666667,6.79429177777778,7.27991277777778,-0.485621,0.8990281,1.615686,-0.716657822222222,0.20219655,0.773874766666667,-0.5972346125,7.19308325,5.93102411111111,1.0983045,-122.484873,48.737236,3330,277,0,600,28,8863,22671,33560,38,69,73,23,NA,0.642213410237924
"Wilkes University",1631,15,36,1803,603,11150,5130,550,1260,78,92,13.3,24,8543,67,0,1,1,0,0,2255,76.0268044444445,60.7516177777778,15.2751877777778,4.64798022222222,11.5732634444444,-6.92528255555556,3.70417377777778,15.49003,-11.7858544444444,2.47069122222222,5.14973566666667,-2.67904455555556,0.230725033333333,0.227053533333333,0.00367152222222222,0.0812782875,0.0534461111111111,0.0272413625,2.62589084444444,2.541122,0.0847687333333333,-75.88833,41.243204,462,997,24,600,NA,30350,46786,46786,47,58,96,33,9646,0.877375843041079
"Winona State University",3325,20,45,5800,872,4200,2700,300,1200,53,60,20.2,18,5318,58,1,0,0,0,1,7874.55555555556,87.7767522222222,67.0906922222222,20.6860622222222,2.34800083333333,7.42344911111111,-5.07544822222222,2.26695455555556,10.0595704444444,-7.79261633333333,2.00950155555556,8.40975455555555,-6.40025288888889,0.175650544444444,0.776857411111111,-0.601206855555556,0.094774425,0.0439176888888889,0.0471558,2.098563,3.72795311111111,-1.765815,-91.64447,44.046572,1686,99,6,NA,25,8730,20790,26290,30,56,88,25,NA,0.615639097744361
"Winthrop University",2320,24,61,3395,670,6400,3392,580,2150,71,80,12.8,26,6729,59,1,0,1,0,0,4710.55555555556,60.2136077777778,54.1790033333333,6.03460666666667,3.286499,5.84608744444444,-2.55958843333333,29.5160744444444,34.2689322222222,-4.75285633333333,1.38041255555556,1.33094336666667,0.0494690111111111,0.427403644444444,0.318764,0.108639666666667,0.2543411375,0.0686716222222222,0.18584385,2.340464,2.16926055555556,0.070731925,-81.028667,34.938506,964,362,0,570,25,13670,25450,38020,35,56,99,45,NA,0.77801724137931
"Worcester Polytechnic Institute",2768,49,86,2802,86,15884,5370,530,730,92,94,15.2,34,10774,82,0,1,0,1,0,3942.11111111111,66.3010111111111,52.4858511111111,13.8151611111111,7.72059822222222,18.6902144444444,-10.9696155555556,2.69849322222222,13.8358366666667,-11.1373422222222,4.96018955555556,4.63447088888889,0.325718677777778,0.324200211111111,0.920568611111111,-0.596368455555556,0,0.205424322222222,-0.2078900375,2.352830375,3.21255622222222,-0.9624661625,-71.808792,42.275067,884,568,41,NA,NA,42778,58060,58060,70,81,98,14,99061,0.835982658959538
